customer_id,name,city,signup_date,segment,email,bonus
C001,Сергей Ю.,Екб,2025-06-12,постоянный,client001@lavka.example,120
C002, Сергей В. ,екатеринбург,2025-01-14,новый ,client002@lavka.example,2 400
C003,Максим С.,Екб,2025-05-19,новый,client003@lavka.example,50
C004,Андрей Д.,москва,2023-09-15,НОВЫЙ,client004@lavka.example,1900
C005,Наталья Е.,Екатеринбург,2024-08-24,постоянный ,,
C006,Иван Е.,москва,2023-02-26,новый,,450
C222,Максим Я.,Екб,24.08.2024,постоянный,client222@lavka.example,450
C007,Алексей П.,САНКТ-ПЕТЕРБУРГ,2023-04-13,новый ,client007@lavka.example,
C008,Ольга З.,С.-Петербург,2025-03-10,постоянный,,нет
C009,Ксения Я.,ЕКАТЕРИНБУРГ,2024-10-01,постоянный,client009@lavka.example,0
C010,КСЕНИЯ О.,москва,2024-11-15,постоянный,client010@lavka.example,3100
C011, Алексей С. ,Новосибирск,2023-09-13,постоянный,,800
C115,Наталья О.,казань,2024-03-01,постоянный,client115@lavka.example,нет
C058,Иван И.,СПб,02.05.2023,постоянный,client058@lavka.example,120
C012,Павел М.,Москва,2025-02-05,новый,client012@lavka.example,120
C013,Павел Д.,Новосибирск,05.10.2023,постоянный,client013@lavka.example,2 400
C014,Дмитрий Я.,москва,2024-05-21,постоянный,client014@lavka.example,0
C015,ЕЛЕНА Н.,Екатеринбург,02.02.2024,новый,,3 100
C016 ,Анна У.,москва,2025-03-21,постоянный,client016@lavka.example,2 400
C017,Роман Ф.,Екб,2023-02-08,постоянный,,нет
C018 ,Ксения Г.,Санкт-Петербург,2025-04-17,новый,client018@lavka.example,1900
C019,Татьяна Е.,Москва,2024-08-06,новый,client019@lavka.example,0
C020,Максим Ч.,Санкт-Петербург,17.05.2024,постоянный,CLIENT020@LAVKA.EXAMPLE,0
C021,Иван Я.,москва,2025-04-09,постоянный ,client021@lavka.example,1250
C022,Иван Л.,Екб,2023-05-31,оптовый ,,300
C023,Олег З., Новосибирск,21.04.2023,постоянный,CLIENT023@LAVKA.EXAMPLE,300
C024,Никита Т.,СПб,2024-11-03,Оптовый,client024@lavka.example,1 250
c025,Ксения Х.,москва,16.12.2024,постоянный,,1900
C026,Олег Ж., Москва,02.11.2023,новый,client026@lavka.example,0
C027,Сергей В., Казань,2023-12-10,оптовый,client027@lavka.example,450
C028 ,Ксения Ч.,москва,2024-01-22,постоянный,client028@lavka.example,800
C029,Елена А.,Москва,2024-01-08,новый ,,800
C030,Максим Ч.,новосибирск,2023-04-04,постоянный ,client030@lavka.example,1250
C031,Максим К.,москва,24.10.2023,постоянный,CLIENT031@LAVKA.EXAMPLE,0
C032,Елена З.,Москва,04.08.2024,постоянный,,450
C033,Алексей С.,Казань,27.10.2023,постоянный,,нет
C034,Максим О.,Санкт-Петербург,19.11.2023,постоянный,client034@lavka.example,800
C035,Алексей В.,МОСКВА,13.10.2024,новый,CLIENT035@LAVKA.EXAMPLE,3100
c036,Алексей Я.,казань,2023-02-28,НОВЫЙ,client036@lavka.example,300
C037,ИРИНА О.,Санкт-Петербург,2025-02-21,постоянный,client037@lavka.example,3100
C038, Наталья Д. ,СПб,16.11.2023,новый,,3100
C127,Анна  И.,казань,,постоянный,client127@lavka.example,50
C039,Ольга Г.,Санкт-Петербург,05.01.2023,новый,client039@lavka.example,0
C040,Ольга И.,Екб,2024-03-31,постоянный,client040@lavka.example,300
C041,Иван Ю.,санкт-петербург,2024-02-05,новый,client041@lavka.example,нет
C042,Алексей А.,Москва,2025-02-14,постоянный,client042@lavka.example,50
C129,Андрей З.,Санкт-Петербург,2023-08-01,постоянный,,50
C043,Ксения А.,Екб,2023-02-25,постоянный,,120
C044,Иван О.,новосибирск,30.06.2023,постоянный,client044@lavka.example,1 250
C045,Ольга Х.,Москва,2024-04-08,постоянный,client045@lavka.example,
C046,Ксения М.,казань,2024-09-14,новый,CLIENT046@LAVKA.EXAMPLE,нет
C047,Олег М.,Казань,27.12.2023,новый,,0
C048,СЕРГЕЙ П.,Екб,21.02.2023,оптовый,,450
C049,Павел Е.,Москва,2023-09-13,постоянный,client049@lavka.example,1250
C050,Елена А.,Москва,2023-07-17,постоянный,client050@lavka.example,3 100
C051,Елена Ю.,СПб,21.05.2025,новый,client051@lavka.example,3 100
C052,Павел Х.,Москва,2024-01-06,постоянный,,300
C053,Ирина М.,СПб,2023-09-11,новый,client053@lavka.example,300
C054,Сергей Я.,Казань,2024-11-14,постоянный,client054@lavka.example,нет
C055,Дмитрий Н.,Екб,2024-10-06,новый ,client055@lavka.example,1 900
C056,Сергей И.,С.-Петербург,14.04.2023,новый,client056@lavka.example,
C057,Мария Б.,новосибирск,,новый,client057@lavka.example,800
C058,Иван И.,СПб,02.05.2023,постоянный,client058@lavka.example,120
C113,Никита Ф.,екатеринбург,2023-05-08,Новый,client113@lavka.example,2400
C059,Светлана П.,МОСКВА,2023-04-09,Постоянный,client059@lavka.example,800
c060,Дмитрий Э.,Санкт-Петербург,2025-06-16,новый,client060@lavka.example,0
C061,Ксения Т.,казань,11.11.2024,постоянный,client061@lavka.example,0
C062,Андрей Д.,Москва,24.04.2023,новый,client062@lavka.example,50
C063,Светлана К.,Екб,17.11.2024,постоянный,client063@lavka.example,120
C064,Мария Н.,Москва,29.10.2024,новый,client064@lavka.example,300
C065,Юлия Г.,МОСКВА,29.08.2023,Оптовый,client065@lavka.example,нет
C066,Максим О.,москва,2024-03-03,постоянный,,нет
C067,Наталья М.,москва,25.08.2024,Новый,client067@lavka.example,
C068,Андрей С.,Москва,16.06.2025,постоянный,client068@lavka.example,50
C069,ПАВЕЛ К.,казань,2025-02-28,Новый,client069@lavka.example,0
C070,Татьяна Ю.,москва,,новый,client070@lavka.example,120
C071,Сергей З.,москва,21.05.2023,новый,client071@lavka.example,0
C072,Павел Н.,Екб,25.09.2023,оптовый,,2 400
C073,Павел Ш.,Санкт-Петербург,2024-12-06,новый,client073@lavka.example,0
C074,Дмитрий М.,казань,2024-11-29,новый,client074@lavka.example,120
C075,Павел Е.,СПб,2024-07-08,оптовый,client075@lavka.example,3 100
C076,Никита О.,КАЗАНЬ,2023-11-12,оптовый,CLIENT076@LAVKA.EXAMPLE,1900
c077,АННА Ш.,казань,2024-05-15,постоянный,client077@lavka.example,1 900
C078,Андрей П.,казань,23.12.2024,постоянный,client078@lavka.example,нет
c079,Ксения Д.,Санкт-Петербург,12.03.2024,постоянный,client079@lavka.example,3 100
C080,Алексей П., Москва,2023-10-05,новый,client080@lavka.example,450
C081,Елена Г.,москва,2023-07-21,Постоянный,client081@lavka.example,300
C082,Сергей Б.,москва,2024-02-14,новый,client082@lavka.example,50
C083,Павел Р.,Москва,2023-10-30,оптовый ,client083@lavka.example,50
C084,Дмитрий Т.,Санкт-Петербург,21.12.2024,новый,client084@lavka.example,800
C085, Дмитрий Л. ,СПб,2023-12-26,постоянный,CLIENT085@LAVKA.EXAMPLE,3100
C086,Алексей О.,Москва,2024-05-11,новый ,client086@lavka.example,1900
C087,Сергей Я.,Казань,12.01.2024,постоянный,client087@lavka.example,
C088,Никита Л.,санкт-петербург,2023-11-23,постоянный,CLIENT088@LAVKA.EXAMPLE,1250
c089,Максим У.,СПб,2024-03-26,постоянный,client089@lavka.example,2 400
C090,Мария В.,Новосибирск,09.06.2023,оптовый ,client090@lavka.example,1250
C091,Олег А.,москва,2025-05-24,постоянный,,3100
C092,Павел  Х.,КАЗАНЬ,2023-08-11,постоянный,client092@lavka.example,50
C093,Максим А.,Казань,10.04.2023,новый,client093@lavka.example,450
c094,Татьяна Д., Екатеринбург,2024-11-07,постоянный,client094@lavka.example,800
C095,Ирина О.,Москва,09.04.2024,новый,client095@lavka.example,3 100
c096,Светлана Е., Екатеринбург,2023-09-15,новый,CLIENT096@LAVKA.EXAMPLE,800
C097,Дмитрий Ч.,Санкт-Петербург,2023-06-16,новый,client097@lavka.example,3 100
C098,Олег Г.,Санкт-Петербург,2023-08-27,новый,client098@lavka.example,2 400
C099,Алексей Д.,Екб,30.04.2023,новый,CLIENT099@LAVKA.EXAMPLE,1250
C100,Иван У.,Екб,04.03.2024,постоянный ,client100@lavka.example,1 250
C101,Светлана Ш.,казань,29.02.2024,оптовый,client101@lavka.example,1900
c102,Роман Ч.,Казань,2024-12-02,Новый,client102@lavka.example,300
C103,Светлана Э.,С.-Петербург,2023-11-02,новый,client103@lavka.example,120
c104,Максим Е.,Москва,2023-08-01,новый,client104@lavka.example,800
C105,Максим В.,екатеринбург,21.01.2023,новый,client105@lavka.example,120
C106,Татьяна Ч.,САНКТ-ПЕТЕРБУРГ,2025-06-01,НОВЫЙ,,800
C107,ТАТЬЯНА Б.,Новосибирск,2024-07-17,новый,client107@lavka.example,800
C108,Алексей Х.,Санкт-Петербург,2024-03-13,оптовый,client108@lavka.example,1 900
C035,Алексей В.,МОСКВА,13.10.2024,новый,CLIENT035@LAVKA.EXAMPLE,3100
C109,Дмитрий Д.,Москва,2025-04-15,оптовый,CLIENT109@LAVKA.EXAMPLE,800
C110 ,Сергей Ю.,Екб,2025-03-20,новый,client110@lavka.example,450
c111,Татьяна Р.,москва,11.12.2024,новый,client111@lavka.example,450
C112,Мария Е.,новосибирск,2023-03-17,НОВЫЙ,client112@lavka.example,0
C113,Никита Ф.,екатеринбург,2023-05-08,Новый,client113@lavka.example,2400
c114, Светлана Г. ,С.-Петербург,2024-12-15,Постоянный,client114@lavka.example,300
C115,Наталья О.,казань,2024-03-01,постоянный,client115@lavka.example,нет
C116,Олег С.,Екатеринбург,2025-02-11,постоянный,client116@lavka.example,2 400
C117,Татьяна К.,москва,2025-06-13,новый,client117@lavka.example,0
C118,Иван С.,Москва,07.01.2024,НОВЫЙ,client118@lavka.example,0
C119,Дмитрий Н.,новосибирск,09.10.2024,новый ,client119@lavka.example,1 900
C120,Сергей У.,санкт-петербург,2023-09-15,постоянный ,client120@lavka.example,800
C121 , Мария Д. ,новосибирск,2024-03-09,постоянный ,client121@lavka.example,0
C122,Сергей Л.,екатеринбург,2024-09-15,новый,client122@lavka.example,450
C123,Анна И., Москва,2024-03-28,постоянный,client123@lavka.example,50
C124,Роман Ф.,Санкт-Петербург,2025-03-05,Оптовый,,2400
C125,Никита Ж.,москва,2023-02-01,постоянный,client125@lavka.example,3100
C126,Ирина К., Екатеринбург,2023-10-16,оптовый ,client126@lavka.example,800
C127,Анна И.,Казань,,постоянный,client127@lavka.example,50
C128,Олег Л.,москва,2024-01-12,новый,CLIENT128@LAVKA.EXAMPLE,1 250
C129,Андрей З.,Санкт-Петербург,2023-08-01,постоянный,,50
C130, Ксения Ж. ,СПб,2024-07-28,оптовый,client130@lavka.example,1250
C131, Ксения Ш. ,Санкт-Петербург,2023-01-01,Новый,client131@lavka.example,3100
C132 ,Никита В.,Москва,2024-10-05,новый,client132@lavka.example,3100
C133,Ксения  Ф.,Новосибирск,,новый,client133@lavka.example,0
C134,Олег Ж.,москва,2023-05-28,оптовый,client134@lavka.example,0
C135, Сергей Е. , Санкт-Петербург,2023-05-19,новый,client135@lavka.example,450
C136,Мария Х.,казань,2024-09-24,постоянный,client136@lavka.example,120
c137,ТАТЬЯНА Б.,С.-Петербург,2025-01-01,оптовый ,client137@lavka.example,1250
C138,Павел Ч.,ЕКАТЕРИНБУРГ,2023-04-21,постоянный,client138@lavka.example,300
c139,Андрей  Д.,Екб,2024-04-19,постоянный,,1250
C140,Дмитрий Ф.,Санкт-Петербург,2024-05-26,оптовый,client140@lavka.example,2400
C141,Елена В.,Екатеринбург,2023-08-21,постоянный,client141@lavka.example,50
c142,Ирина Х.,Екб,2023-06-17,Постоянный,client142@lavka.example,450
C182,Ольга Л.,Екб,2023-12-28,постоянный,client182@lavka.example,450
C143, Юлия Н. ,москва,18.03.2024,новый,client143@lavka.example,800
C202, Светлана Ю. ,Санкт-Петербург,2023-05-28,постоянный,CLIENT202@LAVKA.EXAMPLE,50
C144,Татьяна Я.,новосибирск,2023-09-13,постоянный,client144@lavka.example,2 400
C145,Павел С.,Новосибирск,07.02.2023,новый,,
C146, Татьяна Х. ,санкт-петербург,2024-01-29,новый,client146@lavka.example,
C030,Максим Ч.,новосибирск,2023-04-04,постоянный ,client030@lavka.example,1250
C147, Ирина Б. ,москва,23.09.2023,постоянный,,300
C148,Дмитрий Б.,Санкт-Петербург,2023-05-10,постоянный,client148@lavka.example,0
C149, Павел Е. ,москва,2025-04-27,постоянный,client149@lavka.example,450
C150,Павел К., Москва,2024-08-09,новый,client150@lavka.example,50
C081,Елена  Г., Москва,21.07.2023,Постоянный,client081@lavka.example,300
C151,Олег Ж.,москва,2023-08-10,оптовый,,1900
C152,Дмитрий А., Санкт-Петербург,2025-02-21,Новый,client152@lavka.example,0
C153,Иван Л.,Санкт-Петербург,20.03.2025,новый,client153@lavka.example,1900
c025,Ксения Х.,москва,16.12.2024,постоянный,,1900
C154,Алексей Р.,Екб,2024-01-28,постоянный,client154@lavka.example,нет
C155,Алексей С.,москва,2024-06-28,Постоянный,CLIENT155@LAVKA.EXAMPLE,1900
C156,Иван К.,Екатеринбург,2023-06-05,Оптовый,CLIENT156@LAVKA.EXAMPLE,50
C157,Алексей Э.,екатеринбург,2023-10-14,новый,client157@lavka.example,450
C158,Светлана К., Казань,19.09.2024,постоянный,client158@lavka.example,1250
C047 ,Олег М.,казань,2023-12-27,новый,,0
C025,Ксения Х.,москва,2024-12-16,постоянный,,1900
C159,Павел Б.,новосибирск,05.12.2023,постоянный,client159@lavka.example,800
C160,Олег З.,москва,07.09.2023,постоянный,client160@lavka.example,2400
C161,Сергей Х.,С.-Петербург,2023-01-28,оптовый,client161@lavka.example,
C162,Ирина Л.,москва,2023-03-07,новый ,client162@lavka.example,0
C163 ,Роман Ф.,казань,2024-02-09,новый,client163@lavka.example,300
C164,Алексей З.,Москва,03.08.2023,новый,CLIENT164@LAVKA.EXAMPLE,нет
C165,Никита М.,Екб,2025-04-24,постоянный,,450
C166,Елена Ж., Москва,2023-01-15,Постоянный,client166@lavka.example,1 900
C226,Мария М.,МОСКВА,17.01.2025,Новый,,300
C167,Олег Н.,москва,10.05.2024,постоянный,CLIENT167@LAVKA.EXAMPLE,3100
C168,Татьяна Б.,СПб,2023-07-04,новый,client168@lavka.example,
C169,Наталья Ф.,казань,2024-05-25,новый,client169@lavka.example,нет
c170,Андрей Х.,москва,2023-08-06,НОВЫЙ,client170@lavka.example,50
C171,Сергей С.,Москва,27.02.2025,постоянный ,client171@lavka.example,50
C172,Анна В.,САНКТ-ПЕТЕРБУРГ,04.03.2023,новый,,1 250
C173,Андрей С.,Новосибирск,31.10.2023,постоянный,client173@lavka.example,3 100
C174,Никита Т.,СПб,2024-10-27,постоянный,client174@lavka.example,50
C175, Андрей Х. ,москва,2024-04-05,оптовый,CLIENT175@LAVKA.EXAMPLE,450
C176,Ксения П.,СПб,13.06.2025,постоянный,,0
C177,ДМИТРИЙ В.,Москва,2024-04-21,новый,client177@lavka.example,1900
C178,Ольга М., Санкт-Петербург,27.07.2023,новый,client178@lavka.example,50
C179,Анна Т.,Москва,2023-12-24,постоянный,client179@lavka.example,2 400
C012,Павел М.,Москва,2025-02-05,новый,client012@lavka.example,120
C180,Елена С.,казань,17.01.2023,НОВЫЙ,client180@lavka.example,
c181,Ирина И.,москва,2025-03-23,новый,client181@lavka.example,2 400
C182,Ольга Л.,Екатеринбург,2023-12-28,постоянный,client182@lavka.example,450
C183,Светлана Д.,Санкт-Петербург,2024-12-05,новый,client183@lavka.example,0
C184,Сергей Ч.,СПб,2023-07-21,постоянный,client184@lavka.example,300
C185, Ксения З. , Санкт-Петербург,2023-12-15,постоянный,client185@lavka.example,нет
C186, Елена Ф. ,москва,26.02.2024,новый,client186@lavka.example,1 900
C187,Светлана Ч.,Москва,11.09.2023,новый,client187@lavka.example,800
C188,Сергей У.,Москва,26.11.2023,постоянный,client188@lavka.example,0
C189,Роман Ф.,С.-Петербург,2025-01-16,новый,client189@lavka.example,300
C190,Дмитрий Х.,Новосибирск,2024-08-17,новый,client190@lavka.example,50
C191,Светлана Л.,Казань,2023-04-22,ПОСТОЯННЫЙ,client191@lavka.example,1 250
C192,Елена Р., Новосибирск,2024-05-08,Постоянный,CLIENT192@LAVKA.EXAMPLE,120
C193 ,Юлия Б.,Новосибирск,2023-03-12,новый,CLIENT193@LAVKA.EXAMPLE,300
C194,Иван Л.,казань,2024-10-05,постоянный,client194@lavka.example,0
C195,Сергей М.,москва,25.03.2023,постоянный,client195@lavka.example,3100
C196,Наталья Э.,казань,2024-10-28,постоянный,client196@lavka.example,2400
C197,Ксения Я.,москва,2025-02-12,ПОСТОЯННЫЙ,client197@lavka.example,1 900
C198,Олег С.,москва,2023-12-24,постоянный,,800
C199 ,Дмитрий Н.,москва,,постоянный,,1250
C200,Анна Б.,москва,2024-03-21,постоянный,client200@lavka.example,0
C201,Иван З., Казань,2024-06-26,Постоянный,client201@lavka.example,1250
C202, Светлана Ю. ,Санкт-Петербург,2023-05-28,постоянный,CLIENT202@LAVKA.EXAMPLE,50
C203, Елена П. ,казань,2024-05-28,постоянный,client203@lavka.example,3100
C204,Татьяна З.,МОСКВА,2023-01-06,постоянный,client204@lavka.example,3100
C205,Андрей Э.,Санкт-Петербург,2024-08-03,новый,CLIENT205@LAVKA.EXAMPLE,0
C206,Анна О., Казань,21.01.2024,новый,,120
C207,СВЕТЛАНА Ш.,СПб,2024-08-31,новый ,,0
C208 , Елена Ч. ,С.-Петербург,2023-04-21,новый,,0
C209,Алексей Ф.,Москва,02.03.2025,новый,client209@lavka.example,2 400
C210,Андрей Б.,Москва,2023-02-27,новый,,1900
C211,Олег Д.,Казань,22.07.2024,новый,client211@lavka.example,300
C212,Ксения П.,СПб,2024-10-26,новый,client212@lavka.example,50
C213, Никита Р. ,Санкт-Петербург,2023-02-19,оптовый,client213@lavka.example,450
C214,Дмитрий Е.,москва,2025-05-20,постоянный,client214@lavka.example,0
C215,Татьяна М.,москва,2023-07-07,новый,,нет
C216,Ольга О.,москва,09.01.2025,Оптовый,client216@lavka.example,нет
C217,Анна Ч.,Екб,2023-03-07,новый,client217@lavka.example,1900
C218,Ксения Т.,Екб,07.06.2023,новый,client218@lavka.example,120
C219, Ксения У. ,Екб,20.02.2025,Постоянный,client219@lavka.example,800
C220,Ольга И.,Москва,2025-01-22,постоянный,client220@lavka.example,2 400
C221,Татьяна З.,Екатеринбург,2025-03-17,постоянный,client221@lavka.example,нет
C222 ,Максим Я.,екатеринбург,2024-08-24,постоянный ,client222@lavka.example,450
C223,Алексей Н.,Санкт-Петербург,2025-04-12,новый,,2400
C224,Олег Э.,Москва,2023-11-02,оптовый,,нет
C225,Роман Ю.,новосибирск,10.08.2023,постоянный,client225@lavka.example,2 400
C226,Мария М., Москва,2025-01-17,новый,,300
C227,Сергей Б.,москва,2023-12-24,новый,CLIENT227@LAVKA.EXAMPLE,120
C228, Алексей Х. ,Москва,06.07.2024,постоянный,,0
C229,Никита Я.,Москва,2024-08-23,новый,client229@lavka.example,0
C230,Павел Д.,Москва,2024-12-28,постоянный,client230@lavka.example,120
C231,Наталья А.,москва,2025-05-28,новый,client231@lavka.example,2 400
C232, Елена Г. ,москва,2023-07-01,Постоянный,client232@lavka.example,0
C233,ЕЛЕНА Л., Санкт-Петербург,2024-09-27,НОВЫЙ,client233@lavka.example,450
C234,Ксения Р.,СПб,2024-03-22,постоянный,,120
C235,Алексей Э.,москва,2023-12-27,постоянный,client235@lavka.example,0
C236,Ольга Е.,Санкт-Петербург,02.03.2025,ПОСТОЯННЫЙ,,800
C176,Ксения П.,СПб,13.06.2025,постоянный,,0
C237,Мария Я.,казань,2024-03-27,постоянный,client237@lavka.example,300
C238,Роман Ю.,Екб,20.01.2025,постоянный ,,нет
C239, Ксения Э. ,москва,2024-02-14,Постоянный,client239@lavka.example,0
C240, Светлана Х. ,Москва,19.11.2024,Постоянный,client240@lavka.example,1 250
