customer_id,name,city,signup_date,segment
C001,Сергей Ю.,Екатеринбург,2025-06-12,постоянный
C002,Сергей В.,Екатеринбург,2025-01-14,новый
C003,Максим С.,Екатеринбург,2025-05-19,новый
C004,Андрей Д.,Москва,2023-09-15,новый
C005,Наталья Е.,Екатеринбург,2024-08-24,постоянный
C006,Иван Е.,Москва,2023-02-26,новый
C007,Алексей П.,Санкт-Петербург,2023-04-13,новый
C008,Ольга З.,Санкт-Петербург,2025-03-10,постоянный
C009,Ксения Я.,Екатеринбург,2024-10-01,постоянный
C010,Ксения О.,Москва,2024-11-15,постоянный
C011,Алексей С.,Новосибирск,2023-09-13,постоянный
C012,Павел М.,Москва,2025-02-05,новый
C013,Павел Д.,Новосибирск,2023-10-05,постоянный
C014,Дмитрий Я.,Москва,2024-05-21,постоянный
C015,Елена Н.,Екатеринбург,2024-02-02,новый
C016,Анна У.,Москва,2025-03-21,постоянный
C017,Роман Ф.,Екатеринбург,2023-02-08,постоянный
C018,Ксения Г.,Санкт-Петербург,2025-04-17,новый
C019,Татьяна Е.,Москва,2024-08-06,новый
C020,Максим Ч.,Санкт-Петербург,2024-05-17,постоянный
C021,Иван Я.,Москва,2025-04-09,постоянный
C022,Иван Л.,Екатеринбург,2023-05-31,оптовый
C023,Олег З.,Новосибирск,2023-04-21,постоянный
C024,Никита Т.,Санкт-Петербург,2024-11-03,оптовый
C025,Ксения Х.,Москва,2024-12-16,постоянный
C026,Олег Ж.,Москва,2023-11-02,новый
C027,Сергей В.,Казань,2023-12-10,оптовый
C028,Ксения Ч.,Москва,2024-01-22,постоянный
C029,Елена А.,Москва,2024-01-08,новый
C030,Максим Ч.,Новосибирск,2023-04-04,постоянный
C031,Максим К.,Москва,2023-10-24,постоянный
C032,Елена З.,Москва,2024-08-04,постоянный
C033,Алексей С.,Казань,2023-10-27,постоянный
C034,Максим О.,Санкт-Петербург,2023-11-19,постоянный
C035,Алексей В.,Москва,2024-10-13,новый
C036,Алексей Я.,Казань,2023-02-28,новый
C037,Ирина О.,Санкт-Петербург,2025-02-21,постоянный
C038,Наталья Д.,Санкт-Петербург,2023-11-16,новый
C039,Ольга Г.,Санкт-Петербург,2023-01-05,новый
C040,Ольга И.,Екатеринбург,2024-03-31,постоянный
C041,Иван Ю.,Санкт-Петербург,2024-02-05,новый
C042,Алексей А.,Москва,2025-02-14,постоянный
C043,Ксения А.,Екатеринбург,2023-02-25,постоянный
C044,Иван О.,Новосибирск,2023-06-30,постоянный
C045,Ольга Х.,Москва,2024-04-08,постоянный
C046,Ксения М.,Казань,2024-09-14,новый
C047,Олег М.,Казань,2023-12-27,новый
C048,Сергей П.,Екатеринбург,2023-02-21,оптовый
C049,Павел Е.,Москва,2023-09-13,постоянный
C050,Елена А.,Москва,2023-07-17,постоянный
C051,Елена Ю.,Санкт-Петербург,2025-05-21,новый
C052,Павел Х.,Москва,2024-01-06,постоянный
C053,Ирина М.,Санкт-Петербург,2023-09-11,новый
C054,Сергей Я.,Казань,2024-11-14,постоянный
C055,Дмитрий Н.,Екатеринбург,2024-10-06,новый
C056,Сергей И.,Санкт-Петербург,2023-04-14,новый
C057,Мария Б.,Новосибирск,2024-03-18,новый
C058,Иван И.,Санкт-Петербург,2023-05-02,постоянный
C059,Светлана П.,Москва,2023-04-09,постоянный
C060,Дмитрий Э.,Санкт-Петербург,2025-06-16,новый
C061,Ксения Т.,Казань,2024-11-11,постоянный
C062,Андрей Д.,Москва,2023-04-24,новый
C063,Светлана К.,Екатеринбург,2024-11-17,постоянный
C064,Мария Н.,Москва,2024-10-29,новый
C065,Юлия Г.,Москва,2023-08-29,оптовый
C066,Максим О.,Москва,2024-03-03,постоянный
C067,Наталья М.,Москва,2024-08-25,новый
C068,Андрей С.,Москва,2025-06-16,постоянный
C069,Павел К.,Казань,2025-02-28,новый
C070,Татьяна Ю.,Москва,2023-05-03,новый
C071,Сергей З.,Москва,2023-05-21,новый
C072,Павел Н.,Екатеринбург,2023-09-25,оптовый
C073,Павел Ш.,Санкт-Петербург,2024-12-06,новый
C074,Дмитрий М.,Казань,2024-11-29,новый
C075,Павел Е.,Санкт-Петербург,2024-07-08,оптовый
C076,Никита О.,Казань,2023-11-12,оптовый
C077,Анна Ш.,Казань,2024-05-15,постоянный
C078,Андрей П.,Казань,2024-12-23,постоянный
C079,Ксения Д.,Санкт-Петербург,2024-03-12,постоянный
C080,Алексей П.,Москва,2023-10-05,новый
C081,Елена Г.,Москва,2023-07-21,постоянный
C082,Сергей Б.,Москва,2024-02-14,новый
C083,Павел Р.,Москва,2023-10-30,оптовый
C084,Дмитрий Т.,Санкт-Петербург,2024-12-21,новый
C085,Дмитрий Л.,Санкт-Петербург,2023-12-26,постоянный
C086,Алексей О.,Москва,2024-05-11,новый
C087,Сергей Я.,Казань,2024-01-12,постоянный
C088,Никита Л.,Санкт-Петербург,2023-11-23,постоянный
C089,Максим У.,Санкт-Петербург,2024-03-26,постоянный
C090,Мария В.,Новосибирск,2023-06-09,оптовый
C091,Олег А.,Москва,2025-05-24,постоянный
C092,Павел Х.,Казань,2023-08-11,постоянный
C093,Максим А.,Казань,2023-04-10,новый
C094,Татьяна Д.,Екатеринбург,2024-11-07,постоянный
C095,Ирина О.,Москва,2024-04-09,новый
C096,Светлана Е.,Екатеринбург,2023-09-15,новый
C097,Дмитрий Ч.,Санкт-Петербург,2023-06-16,новый
C098,Олег Г.,Санкт-Петербург,2023-08-27,новый
C099,Алексей Д.,Екатеринбург,2023-04-30,новый
C100,Иван У.,Екатеринбург,2024-03-04,постоянный
C101,Светлана Ш.,Казань,2024-02-29,оптовый
C102,Роман Ч.,Казань,2024-12-02,новый
C103,Светлана Э.,Санкт-Петербург,2023-11-02,новый
C104,Максим Е.,Москва,2023-08-01,новый
C105,Максим В.,Екатеринбург,2023-01-21,новый
C106,Татьяна Ч.,Санкт-Петербург,2025-06-01,новый
C107,Татьяна Б.,Новосибирск,2024-07-17,новый
C108,Алексей Х.,Санкт-Петербург,2024-03-13,оптовый
C109,Дмитрий Д.,Москва,2025-04-15,оптовый
C110,Сергей Ю.,Екатеринбург,2025-03-20,новый
C111,Татьяна Р.,Москва,2024-12-11,новый
C112,Мария Е.,Новосибирск,2023-03-17,новый
C113,Никита Ф.,Екатеринбург,2023-05-08,новый
C114,Светлана Г.,Санкт-Петербург,2024-12-15,постоянный
C115,Наталья О.,Казань,2024-03-01,постоянный
C116,Олег С.,Екатеринбург,2025-02-11,постоянный
C117,Татьяна К.,Москва,2025-06-13,новый
C118,Иван С.,Москва,2024-01-07,новый
C119,Дмитрий Н.,Новосибирск,2024-10-09,новый
C120,Сергей У.,Санкт-Петербург,2023-09-15,постоянный
C121,Мария Д.,Новосибирск,2024-03-09,постоянный
C122,Сергей Л.,Екатеринбург,2024-09-15,новый
C123,Анна И.,Москва,2024-03-28,постоянный
C124,Роман Ф.,Санкт-Петербург,2025-03-05,оптовый
C125,Никита Ж.,Москва,2023-02-01,постоянный
C126,Ирина К.,Екатеринбург,2023-10-16,оптовый
C127,Анна И.,Казань,2024-02-02,постоянный
C128,Олег Л.,Москва,2024-01-12,новый
C129,Андрей З.,Санкт-Петербург,2023-08-01,постоянный
C130,Ксения Ж.,Санкт-Петербург,2024-07-28,оптовый
C131,Ксения Ш.,Санкт-Петербург,2023-01-01,новый
C132,Никита В.,Москва,2024-10-05,новый
C133,Ксения Ф.,Новосибирск,2024-10-31,новый
C134,Олег Ж.,Москва,2023-05-28,оптовый
C135,Сергей Е.,Санкт-Петербург,2023-05-19,новый
C136,Мария Х.,Казань,2024-09-24,постоянный
C137,Татьяна Б.,Санкт-Петербург,2025-01-01,оптовый
C138,Павел Ч.,Екатеринбург,2023-04-21,постоянный
C139,Андрей Д.,Екатеринбург,2024-04-19,постоянный
C140,Дмитрий Ф.,Санкт-Петербург,2024-05-26,оптовый
C141,Елена В.,Екатеринбург,2023-08-21,постоянный
C142,Ирина Х.,Екатеринбург,2023-06-17,постоянный
C143,Юлия Н.,Москва,2024-03-18,новый
C144,Татьяна Я.,Новосибирск,2023-09-13,постоянный
C145,Павел С.,Новосибирск,2023-02-07,новый
C146,Татьяна Х.,Санкт-Петербург,2024-01-29,новый
C147,Ирина Б.,Москва,2023-09-23,постоянный
C148,Дмитрий Б.,Санкт-Петербург,2023-05-10,постоянный
C149,Павел Е.,Москва,2025-04-27,постоянный
C150,Павел К.,Москва,2024-08-09,новый
C151,Олег Ж.,Москва,2023-08-10,оптовый
C152,Дмитрий А.,Санкт-Петербург,2025-02-21,новый
C153,Иван Л.,Санкт-Петербург,2025-03-20,новый
C154,Алексей Р.,Екатеринбург,2024-01-28,постоянный
C155,Алексей С.,Москва,2024-06-28,постоянный
C156,Иван К.,Екатеринбург,2023-06-05,оптовый
C157,Алексей Э.,Екатеринбург,2023-10-14,новый
C158,Светлана К.,Казань,2024-09-19,постоянный
C159,Павел Б.,Новосибирск,2023-12-05,постоянный
C160,Олег З.,Москва,2023-09-07,постоянный
C161,Сергей Х.,Санкт-Петербург,2023-01-28,оптовый
C162,Ирина Л.,Москва,2023-03-07,новый
C163,Роман Ф.,Казань,2024-02-09,новый
C164,Алексей З.,Москва,2023-08-03,новый
C165,Никита М.,Екатеринбург,2025-04-24,постоянный
C166,Елена Ж.,Москва,2023-01-15,постоянный
C167,Олег Н.,Москва,2024-05-10,постоянный
C168,Татьяна Б.,Санкт-Петербург,2023-07-04,новый
C169,Наталья Ф.,Казань,2024-05-25,новый
C170,Андрей Х.,Москва,2023-08-06,новый
C171,Сергей С.,Москва,2025-02-27,постоянный
C172,Анна В.,Санкт-Петербург,2023-03-04,новый
C173,Андрей С.,Новосибирск,2023-10-31,постоянный
C174,Никита Т.,Санкт-Петербург,2024-10-27,постоянный
C175,Андрей Х.,Москва,2024-04-05,оптовый
C176,Ксения П.,Санкт-Петербург,2025-06-13,постоянный
C177,Дмитрий В.,Москва,2024-04-21,новый
C178,Ольга М.,Санкт-Петербург,2023-07-27,новый
C179,Анна Т.,Москва,2023-12-24,постоянный
C180,Елена С.,Казань,2023-01-17,новый
C181,Ирина И.,Москва,2025-03-23,новый
C182,Ольга Л.,Екатеринбург,2023-12-28,постоянный
C183,Светлана Д.,Санкт-Петербург,2024-12-05,новый
C184,Сергей Ч.,Санкт-Петербург,2023-07-21,постоянный
C185,Ксения З.,Санкт-Петербург,2023-12-15,постоянный
C186,Елена Ф.,Москва,2024-02-26,новый
C187,Светлана Ч.,Москва,2023-09-11,новый
C188,Сергей У.,Москва,2023-11-26,постоянный
C189,Роман Ф.,Санкт-Петербург,2025-01-16,новый
C190,Дмитрий Х.,Новосибирск,2024-08-17,новый
C191,Светлана Л.,Казань,2023-04-22,постоянный
C192,Елена Р.,Новосибирск,2024-05-08,постоянный
C193,Юлия Б.,Новосибирск,2023-03-12,новый
C194,Иван Л.,Казань,2024-10-05,постоянный
C195,Сергей М.,Москва,2023-03-25,постоянный
C196,Наталья Э.,Казань,2024-10-28,постоянный
C197,Ксения Я.,Москва,2025-02-12,постоянный
C198,Олег С.,Москва,2023-12-24,постоянный
C199,Дмитрий Н.,Москва,2023-04-04,постоянный
C200,Анна Б.,Москва,2024-03-21,постоянный
C201,Иван З.,Казань,2024-06-26,постоянный
C202,Светлана Ю.,Санкт-Петербург,2023-05-28,постоянный
C203,Елена П.,Казань,2024-05-28,постоянный
C204,Татьяна З.,Москва,2023-01-06,постоянный
C205,Андрей Э.,Санкт-Петербург,2024-08-03,новый
C206,Анна О.,Казань,2024-01-21,новый
C207,Светлана Ш.,Санкт-Петербург,2024-08-31,новый
C208,Елена Ч.,Санкт-Петербург,2023-04-21,новый
C209,Алексей Ф.,Москва,2025-03-02,новый
C210,Андрей Б.,Москва,2023-02-27,новый
C211,Олег Д.,Казань,2024-07-22,новый
C212,Ксения П.,Санкт-Петербург,2024-10-26,новый
C213,Никита Р.,Санкт-Петербург,2023-02-19,оптовый
C214,Дмитрий Е.,Москва,2025-05-20,постоянный
C215,Татьяна М.,Москва,2023-07-07,новый
C216,Ольга О.,Москва,2025-01-09,оптовый
C217,Анна Ч.,Екатеринбург,2023-03-07,новый
C218,Ксения Т.,Екатеринбург,2023-06-07,новый
C219,Ксения У.,Екатеринбург,2025-02-20,постоянный
C220,Ольга И.,Москва,2025-01-22,постоянный
C221,Татьяна З.,Екатеринбург,2025-03-17,постоянный
C222,Максим Я.,Екатеринбург,2024-08-24,постоянный
C223,Алексей Н.,Санкт-Петербург,2025-04-12,новый
C224,Олег Э.,Москва,2023-11-02,оптовый
C225,Роман Ю.,Новосибирск,2023-08-10,постоянный
C226,Мария М.,Москва,2025-01-17,новый
C227,Сергей Б.,Москва,2023-12-24,новый
C228,Алексей Х.,Москва,2024-07-06,постоянный
C229,Никита Я.,Москва,2024-08-23,новый
C230,Павел Д.,Москва,2024-12-28,постоянный
C231,Наталья А.,Москва,2025-05-28,новый
C232,Елена Г.,Москва,2023-07-01,постоянный
C233,Елена Л.,Санкт-Петербург,2024-09-27,новый
C234,Ксения Р.,Санкт-Петербург,2024-03-22,постоянный
C235,Алексей Э.,Москва,2023-12-27,постоянный
C236,Ольга Е.,Санкт-Петербург,2025-03-02,постоянный
C237,Мария Я.,Казань,2024-03-27,постоянный
C238,Роман Ю.,Екатеринбург,2025-01-20,постоянный
C239,Ксения Э.,Москва,2024-02-14,постоянный
C240,Светлана Х.,Москва,2024-11-19,постоянный
