order_id,days,rating
10001,4,
10002,4,4
10003,2,5
10004,3,5
10005,4,3
10006,3,
10007,4,
10008,3,
10009,3,4
10010,4,3
10011,4,4
10012,6,3
10013,6,
10014,3,
10015,7,2
10016,5,3
10017,6,
10018,4,
10019,,
10020,4,
10021,5,4
10022,5,
10023,4,
10024,2,3
10025,4,4
10026,5,2
10027,4,
10028,4,4
10029,,
10030,3,
10031,,
10032,5,3
10033,3,4
10034,6,3
10035,7,
10036,6,3
10037,4,
10038,6,4
10039,2,
10040,3,
10041,5,4
10042,4,3
10043,3,5
10044,4,3
10045,3,4
10046,3,4
10047,3,5
10048,3,
10049,2,
10050,3,5
10051,,5
10052,6,
10053,2,5
10054,3,4
10055,6,4
10056,5,
10057,5,
10058,3,3
10059,2,5
10060,7,3
10061,2,5
10062,,2
10063,3,
10064,4,4
10065,4,3
10066,4,4
10067,3,5
10068,3,4
10069,3,3
10070,,4
10071,7,4
10072,4,
10073,9,
10074,6,3
10075,3,4
10076,2,
10077,6,3
10078,6,2
10079,5,4
10080,7,2
10081,6,2
10082,3,3
10083,7,3
10084,5,4
10085,4,3
10086,,3
10087,3,4
10088,5,
10089,7,2
10090,4,4
10091,10,
10092,4,3
10093,6,3
10094,5,
10095,2,
10096,3,3
10097,7,2
10098,4,
10099,2,4
10100,2,
10101,3,4
10102,4,
10103,5,2
10104,4,3
10105,5,
10106,3,
10107,4,4
10108,5,3
10109,3,5
10110,4,
10111,4,4
10112,6,
10113,2,
10114,5,4
10115,2,
10116,3,4
10117,6,
10118,3,4
10119,4,4
10120,3,4
10121,3,4
10122,4,
10123,5,3
10124,2,
10125,,4
10126,4,
10127,3,
10128,2,5
10129,4,4
10130,5,3
10131,,5
10132,3,
10133,4,4
10134,5,
10135,5,
10136,3,4
10137,4,4
10138,6,4
10139,2,4
10140,4,4
10141,3,
10142,3,
10143,5,4
10144,5,
10145,5,4
10146,8,2
10147,5,4
10148,4,
10149,3,4
10150,4,
10151,4,4
10152,6,4
10153,3,
10154,5,4
10155,8,2
10156,2,4
10157,3,
10158,4,4
10159,7,4
10160,5,
10161,6,
10162,4,
10163,3,5
10164,2,
10165,2,2
10166,5,
10167,4,4
10168,3,
10169,2,
10170,4,
10171,5,
10172,5,5
10173,4,4
10174,5,
10175,5,5
10176,3,4
10177,4,
10178,4,4
10179,5,3
10180,3,
10181,4,3
10182,5,3
10183,3,
10184,4,
10185,2,
10186,3,4
10187,3,4
10188,3,
10189,5,
10190,2,4
10191,7,4
10192,2,
10193,3,4
10194,3,5
10195,3,
10196,2,4
10197,3,4
10198,11,
10199,,4
10200,2,4
10201,,4
10202,3,
10203,5,5
10204,5,5
10205,3,3
10206,4,3
10207,4,
10208,2,
10209,5,3
10210,11,1
10211,3,5
10212,3,4
10213,3,
10214,4,
10215,4,4
10216,9,
10217,4,3
10218,2,4
10219,3,4
10220,2,
10221,5,
10222,5,3
10223,4,4
10224,,4
10225,2,4
10226,6,3
10227,4,5
10228,4,4
10229,2,5
10230,4,
10231,2,
10232,4,4
10233,4,4
10234,5,5
10235,2,
10236,10,1
10237,5,2
10238,3,4
10239,2,5
10240,,5
10241,3,4
10242,5,3
10243,3,
10244,4,4
10245,4,
10246,3,4
10247,2,4
10248,4,
10249,4,4
10250,7,3
10251,4,5
10252,6,3
10253,,
10254,3,5
10255,2,5
10256,4,4
10257,3,
10258,2,
10259,3,
10260,3,5
10261,,
10262,2,4
10263,3,3
10264,,
10265,5,4
10266,5,3
10267,4,
10268,5,4
10269,6,
10270,2,
10271,3,4
10272,2,4
10273,3,3
10274,5,3
10275,2,5
10276,3,5
10277,2,4
10278,4,4
10279,2,4
10280,4,4
10281,4,4
10282,2,
10283,3,
10284,8,2
10285,2,5
10286,5,
10287,3,4
10288,5,3
10289,6,3
10290,6,2
10291,11,1
10292,5,3
10293,2,4
10294,3,4
10295,3,3
10296,5,
10297,4,4
10298,5,5
10299,4,4
10300,7,2
10301,7,2
10302,2,5
10303,3,
10304,2,5
10305,3,5
10306,6,2
10307,4,4
10308,3,4
10309,2,4
10310,7,3
10311,6,2
10312,7,3
10313,3,
10314,3,5
10315,4,3
10316,3,5
10317,,4
10318,5,3
10319,3,5
10320,,4
10321,2,3
10322,5,4
10323,4,
10324,5,
10325,6,3
10326,5,4
10327,7,2
10328,10,2
10329,6,3
10330,7,3
10331,4,
10332,3,
10333,4,4
10334,4,3
10335,5,
10336,5,3
10337,5,4
10338,2,5
10339,3,
10340,4,4
10341,3,4
10342,4,
10343,4,3
10344,3,5
10345,4,5
10346,9,3
10347,5,4
10348,5,4
10349,10,
10350,3,
10351,3,4
10352,4,4
10353,3,5
10354,3,5
10355,3,2
10356,,
10357,4,4
10358,2,4
10359,3,3
10360,5,3
10361,2,5
10362,3,5
10363,3,4
10364,2,5
10365,13,2
10366,7,3
10367,6,4
10368,2,
10369,3,5
10370,,5
10371,3,5
10372,4,3
10373,2,
10374,2,4
10375,4,
10376,2,
10377,3,4
10378,3,4
10379,4,
10380,3,
10381,6,4
10382,5,
10383,2,5
10384,3,
10385,5,2
10386,5,4
10387,4,4
10388,4,3
10389,4,4
10390,3,
10391,3,4
10392,5,
10393,3,3
10394,2,
10395,2,3
10396,4,4
10397,2,5
10398,7,2
10399,4,3
10400,2,4
10401,,3
10402,3,
10403,2,4
10404,4,4
10405,2,
10406,4,4
10407,7,4
10408,,3
10409,6,
10410,3,
10411,6,2
10412,4,3
10413,4,4
10414,,
10415,3,
10416,5,3
10417,2,5
10418,4,5
10419,6,4
10420,3,
10421,9,1
10422,2,5
10423,4,
10424,5,3
10425,4,
10426,6,
10427,5,
10428,7,2
10429,5,5
10430,4,2
10431,6,
10432,7,3
10433,4,4
10434,7,3
10435,2,3
10436,2,
10437,4,3
10438,2,4
10439,8,3
10440,3,2
10441,2,5
10442,4,4
10443,6,
10444,4,
10445,3,
10446,6,4
10447,3,
10448,3,4
10449,4,4
10450,3,3
10451,6,2
10452,3,5
10453,2,5
10454,3,5
10455,2,
10456,4,
10457,8,
10458,5,3
10459,2,
10460,3,4
10461,2,3
10462,3,5
10463,6,4
10464,3,5
10465,4,
10466,3,4
10467,4,2
10468,4,3
10469,7,3
10470,3,4
10471,2,
10472,3,4
10473,7,
10474,3,3
10475,5,
10476,4,
10477,,5
10478,5,3
10479,5,4
10480,5,
10481,4,5
10482,4,5
10483,5,
10484,3,4
10485,4,4
10486,6,
10487,5,3
10488,3,5
10489,5,3
10490,6,
10491,6,
10492,5,
10493,4,
10494,9,2
10495,5,
10496,7,3
10497,4,
10498,6,3
10499,4,3
10500,6,
10501,6,3
10502,4,4
10503,,
10504,4,
10505,2,
10506,7,
10507,4,
10508,3,
10509,4,3
10510,4,4
10511,4,4
10512,4,3
10513,3,
10514,5,3
10515,7,2
10516,,
10517,3,
10518,4,
10519,4,4
10520,6,3
10521,3,5
10522,3,4
10523,3,5
10524,4,4
10525,4,
10526,7,
10527,5,3
10528,4,4
10529,2,
10530,3,4
10531,5,4
10532,3,4
10533,6,2
10534,3,3
10535,4,
10536,4,4
10537,4,4
10538,13,1
10539,5,
10540,3,4
10541,6,3
10542,3,5
10543,,4
10544,,4
10545,4,5
10546,3,3
10547,3,3
10548,9,2
10549,2,5
10550,4,
10551,3,3
10552,4,
10553,3,
10554,2,5
10555,,2
10556,3,
10557,6,3
10558,3,4
10559,9,2
10560,4,4
10561,2,4
10562,7,2
10563,2,
10564,6,3
10565,4,
10566,2,
10567,4,
10568,2,5
10569,6,3
10570,5,
10571,4,
10572,4,5
10573,5,
10574,3,4
10575,5,5
10576,,
10577,8,2
10578,9,2
10579,5,3
10580,4,
10581,3,
10582,4,3
10583,3,
10584,4,
10585,3,3
10586,2,5
10587,3,3
10588,3,3
10589,6,
10590,5,3
10591,6,4
10592,6,3
10593,8,3
10594,4,
10595,4,2
10596,3,4
10597,3,5
10598,5,
10599,2,4
10600,6,3
10601,4,4
10602,3,
10603,2,
10604,5,3
10605,4,4
10606,2,5
10607,5,4
10608,6,3
10609,5,
10610,9,
10611,3,5
10612,3,
10613,2,4
10614,3,4
10615,6,
10616,4,3
10617,7,
10618,4,4
10619,2,5
10620,5,
10621,5,
10622,3,
10623,4,4
10624,3,3
10625,4,4
10626,3,4
10627,3,3
10628,7,
10629,4,4
10630,2,4
10631,4,
10632,2,
10633,6,
10634,3,3
10635,5,2
10636,4,3
10637,5,
10638,13,1
10639,6,
10640,7,3
10641,3,5
10642,5,
10643,6,3
10644,4,4
10645,4,4
10646,2,5
10647,6,4
10648,6,3
10649,3,4
10650,5,3
10651,6,
10652,2,
10653,4,3
10654,3,
10655,4,
10656,3,5
10657,6,
10658,2,
10659,4,3
10660,4,3
10661,2,4
10662,5,
10663,4,
10664,7,
10665,2,
10666,5,4
10667,3,5
10668,6,2
10669,7,3
10670,4,5
10671,2,
10672,8,3
10673,4,2
10674,2,4
10675,4,4
10676,5,3
10677,4,4
10678,3,5
10679,4,
10680,7,2
10681,,4
10682,4,
10683,3,4
10684,5,
10685,7,2
10686,4,
10687,3,
10688,2,5
10689,4,3
10690,8,3
10691,6,3
10692,4,4
10693,6,3
10694,3,5
10695,6,
10696,3,3
10697,2,5
10698,4,5
10699,4,
10700,4,
10701,2,3
10702,4,
10703,4,
10704,7,
10705,3,
10706,6,3
10707,3,
10708,5,
10709,5,
10710,4,4
10711,4,
10712,3,5
10713,,4
10714,4,4
10715,2,5
10716,3,5
10717,4,
10718,6,
10719,3,
10720,2,4
10721,6,
10722,4,
10723,4,4
10724,3,
10725,3,
10726,2,4
10727,4,4
10728,4,4
10729,2,
10730,5,
10731,4,3
10732,5,3
10733,4,
10734,5,4
10735,2,4
10736,3,
10737,7,
10738,4,
10739,6,
10740,2,4
10741,3,3
10742,4,
10743,4,
10744,3,5
10745,3,3
10746,8,
10747,,4
10748,5,3
10749,3,
10750,4,
10751,4,5
10752,2,4
10753,4,4
10754,6,4
10755,6,
10756,4,4
10757,6,
10758,6,4
10759,2,
10760,4,5
10761,4,4
10762,5,
10763,2,
10764,5,3
10765,5,2
10766,3,
10767,6,2
10768,3,5
10769,2,4
10770,3,4
10771,3,
10772,4,3
10773,3,5
10774,3,
10775,2,
10776,5,3
10777,3,5
10778,6,
10779,5,
10780,4,
10781,2,
10782,2,4
10783,8,3
10784,4,4
10785,4,
10786,5,
10787,6,
10788,7,3
10789,,
10790,12,1
10791,2,5
10792,2,5
10793,3,4
10794,4,4
10795,5,3
10796,3,4
10797,3,
10798,6,3
10799,4,
10800,4,
10801,2,
10802,,5
10803,4,
10804,4,
10805,5,4
10806,3,4
10807,,4
10808,3,4
10809,2,
10810,4,
10811,5,
10812,5,4
10813,4,
10814,4,4
10815,2,4
10816,3,4
