student,group,subject,term,score
Анна А.,ИТ-21,Математика,1,68
Анна А.,ИТ-21,Математика,2,71
Анна А.,ИТ-21,Физика,1,49
Анна А.,ИТ-21,Физика,2,60
Анна А.,ИТ-21,Программирование,1,68
Анна А.,ИТ-21,Программирование,2,65
Анна А.,ИТ-21,История,1,82
Анна А.,ИТ-21,История,2,79
Анна А.,ИТ-21,Английский,1,81
Анна А.,ИТ-21,Английский,2,75
Иван З.,ИТ-21,Математика,1,70
Иван З.,ИТ-21,Математика,2,66
Иван З.,ИТ-21,Физика,1,66
Иван З.,ИТ-21,Физика,2,79
Иван З.,ИТ-21,Программирование,1,68
Иван З.,ИТ-21,Программирование,2,70
Иван З.,ИТ-21,История,1,77
Иван З.,ИТ-21,История,2,80
Иван З.,ИТ-21,Английский,1,87
Иван З.,ИТ-21,Английский,2,74
Мария П.,ИТ-21,Математика,1,61
Мария П.,ИТ-21,Математика,2,66
Мария П.,ИТ-21,Физика,1,58
Мария П.,ИТ-21,Физика,2,60
Мария П.,ИТ-21,Программирование,1,72
Мария П.,ИТ-21,Программирование,2,73
Мария П.,ИТ-21,История,1,60
Мария П.,ИТ-21,История,2,61
Мария П.,ИТ-21,Английский,1,70
Мария П.,ИТ-21,Английский,2,68
Олег Ч.,ИТ-21,Математика,1,76
Олег Ч.,ИТ-21,Математика,2,80
Олег Ч.,ИТ-21,Физика,1,62
Олег Ч.,ИТ-21,Физика,2,63
Олег Ч.,ИТ-21,Программирование,1,68
Олег Ч.,ИТ-21,Программирование,2,81
Олег Ч.,ИТ-21,История,1,74
Олег Ч.,ИТ-21,История,2,60
Олег Ч.,ИТ-21,Английский,1,73
Олег Ч.,ИТ-21,Английский,2,77
Елена В.,ИТ-21,Математика,1,78
Елена В.,ИТ-21,Математика,2,79
Елена В.,ИТ-21,Физика,1,79
Елена В.,ИТ-21,Физика,2,75
Елена В.,ИТ-21,Программирование,1,61
Елена В.,ИТ-21,Программирование,2,71
Елена В.,ИТ-21,История,1,80
Елена В.,ИТ-21,История,2,75
Елена В.,ИТ-21,Английский,1,79
Елена В.,ИТ-21,Английский,2,76
Дмитрий К.,ИТ-21,Математика,1,65
Дмитрий К.,ИТ-21,Математика,2,67
Дмитрий К.,ИТ-21,Физика,1,67
Дмитрий К.,ИТ-21,Физика,2,63
Дмитрий К.,ИТ-21,Программирование,1,75
Дмитрий К.,ИТ-21,Программирование,2,77
Дмитрий К.,ИТ-21,История,1,76
Дмитрий К.,ИТ-21,История,2,76
Дмитрий К.,ИТ-21,Английский,1,61
Дмитрий К.,ИТ-21,Английский,2,65
Ольга С.,ИТ-21,Математика,1,52
Ольга С.,ИТ-21,Математика,2,46
Ольга С.,ИТ-21,Физика,1,61
Ольга С.,ИТ-21,Физика,2,53
Ольга С.,ИТ-21,Программирование,1,56
Ольга С.,ИТ-21,Программирование,2,62
Ольга С.,ИТ-21,История,1,47
Ольга С.,ИТ-21,История,2,56
Ольга С.,ИТ-21,Английский,1,47
Ольга С.,ИТ-21,Английский,2,47
Сергей Э.,ИТ-21,Математика,1,53
Сергей Э.,ИТ-21,Математика,2,51
Сергей Э.,ИТ-21,Физика,1,64
Сергей Э.,ИТ-21,Физика,2,76
Сергей Э.,ИТ-21,Программирование,1,55
Сергей Э.,ИТ-21,Программирование,2,64
Сергей Э.,ИТ-21,История,1,72
Сергей Э.,ИТ-21,История,2,71
Сергей Э.,ИТ-21,Английский,1,74
Сергей Э.,ИТ-21,Английский,2,60
Наталья Д.,ИТ-21,Математика,1,53
Наталья Д.,ИТ-21,Математика,2,49
Наталья Д.,ИТ-21,Физика,1,65
Наталья Д.,ИТ-21,Физика,2,60
Наталья Д.,ИТ-21,Программирование,1,57
Наталья Д.,ИТ-21,Программирование,2,62
Наталья Д.,ИТ-21,История,1,94
Наталья Д.,ИТ-21,История,2,81
Наталья Д.,ИТ-21,Английский,1,43
Наталья Д.,ИТ-21,Английский,2,59
Павел М.,ИТ-21,Математика,1,54
Павел М.,ИТ-21,Математика,2,59
Павел М.,ИТ-21,Физика,1,69
Павел М.,ИТ-21,Физика,2,69
Павел М.,ИТ-21,Программирование,1,43
Павел М.,ИТ-21,Программирование,2,53
Павел М.,ИТ-21,История,1,71
Павел М.,ИТ-21,История,2,63
Павел М.,ИТ-21,Английский,1,65
Павел М.,ИТ-21,Английский,2,62
Ирина У.,ИТ-22,Математика,1,67
Ирина У.,ИТ-22,Математика,2,51
Ирина У.,ИТ-22,Физика,1,60
Ирина У.,ИТ-22,Физика,2,73
Ирина У.,ИТ-22,Программирование,1,65
Ирина У.,ИТ-22,Программирование,2,68
Ирина У.,ИТ-22,История,1,57
Ирина У.,ИТ-22,История,2,54
Ирина У.,ИТ-22,Английский,1,43
Ирина У.,ИТ-22,Английский,2,54
Алексей Я.,ИТ-22,Математика,1,83
Алексей Я.,ИТ-22,Математика,2,87
Алексей Я.,ИТ-22,Физика,1,93
Алексей Я.,ИТ-22,Физика,2,91
Алексей Я.,ИТ-22,Программирование,1,97
Алексей Я.,ИТ-22,Программирование,2,100
Алексей Я.,ИТ-22,История,1,76
Алексей Я.,ИТ-22,История,2,77
Алексей Я.,ИТ-22,Английский,1,100
Алексей Я.,ИТ-22,Английский,2,95
Татьяна Ж.,ИТ-22,Математика,1,68
Татьяна Ж.,ИТ-22,Математика,2,71
Татьяна Ж.,ИТ-22,Физика,1,67
Татьяна Ж.,ИТ-22,Физика,2,71
Татьяна Ж.,ИТ-22,Программирование,1,69
Татьяна Ж.,ИТ-22,Программирование,2,78
Татьяна Ж.,ИТ-22,История,1,69
Татьяна Ж.,ИТ-22,История,2,55
Татьяна Ж.,ИТ-22,Английский,1,59
Татьяна Ж.,ИТ-22,Английский,2,59
Максим О.,ИТ-22,Математика,1,63
Максим О.,ИТ-22,Математика,2,52
Максим О.,ИТ-22,Физика,1,57
Максим О.,ИТ-22,Физика,2,60
Максим О.,ИТ-22,Программирование,1,74
Максим О.,ИТ-22,Программирование,2,81
Максим О.,ИТ-22,История,1,55
Максим О.,ИТ-22,История,2,60
Максим О.,ИТ-22,Английский,1,63
Максим О.,ИТ-22,Английский,2,57
Юлия Х.,ИТ-22,Математика,1,86
Юлия Х.,ИТ-22,Математика,2,84
Юлия Х.,ИТ-22,Физика,1,61
Юлия Х.,ИТ-22,Физика,2,56
Юлия Х.,ИТ-22,Программирование,1,71
Юлия Х.,ИТ-22,Программирование,2,78
Юлия Х.,ИТ-22,История,1,60
Юлия Х.,ИТ-22,История,2,53
Юлия Х.,ИТ-22,Английский,1,61
Юлия Х.,ИТ-22,Английский,2,66
Андрей Б.,ИТ-22,Математика,1,49
Андрей Б.,ИТ-22,Математика,2,53
Андрей Б.,ИТ-22,Физика,1,67
Андрей Б.,ИТ-22,Физика,2,70
Андрей Б.,ИТ-22,Программирование,1,94
Андрей Б.,ИТ-22,Программирование,2,72
Андрей Б.,ИТ-22,История,1,60
Андрей Б.,ИТ-22,История,2,70
Андрей Б.,ИТ-22,Английский,1,52
Андрей Б.,ИТ-22,Английский,2,60
Светлана И.,ИТ-22,Математика,1,68
Светлана И.,ИТ-22,Математика,2,63
Светлана И.,ИТ-22,Физика,1,69
Светлана И.,ИТ-22,Физика,2,74
Светлана И.,ИТ-22,Программирование,1,75
Светлана И.,ИТ-22,Программирование,2,80
Светлана И.,ИТ-22,История,1,75
Светлана И.,ИТ-22,История,2,75
Светлана И.,ИТ-22,Английский,1,68
Светлана И.,ИТ-22,Английский,2,76
Никита Р.,ИТ-22,Математика,1,91
Никита Р.,ИТ-22,Математика,2,86
Никита Р.,ИТ-22,Физика,1,55
Никита Р.,ИТ-22,Физика,2,71
Никита Р.,ИТ-22,Программирование,1,76
Никита Р.,ИТ-22,Программирование,2,64
Никита Р.,ИТ-22,История,1,76
Никита Р.,ИТ-22,История,2,69
Никита Р.,ИТ-22,Английский,1,65
Никита Р.,ИТ-22,Английский,2,66
Ксения Ш.,ИТ-22,Математика,1,63
Ксения Ш.,ИТ-22,Математика,2,68
Ксения Ш.,ИТ-22,Физика,1,60
Ксения Ш.,ИТ-22,Физика,2,76
Ксения Ш.,ИТ-22,Программирование,1,72
Ксения Ш.,ИТ-22,Программирование,2,70
Ксения Ш.,ИТ-22,История,1,55
Ксения Ш.,ИТ-22,История,2,65
Ксения Ш.,ИТ-22,Английский,1,60
Ксения Ш.,ИТ-22,Английский,2,55
Роман Г.,ИТ-22,Математика,1,58
Роман Г.,ИТ-22,Математика,2,70
Роман Г.,ИТ-22,Физика,1,82
Роман Г.,ИТ-22,Физика,2,81
Роман Г.,ИТ-22,Программирование,1,85
Роман Г.,ИТ-22,Программирование,2,79
Роман Г.,ИТ-22,История,1,71
Роман Г.,ИТ-22,История,2,76
Роман Г.,ИТ-22,Английский,1,69
Роман Г.,ИТ-22,Английский,2,57
Анна Л.,ИТ-23,Математика,1,81
Анна Л.,ИТ-23,Математика,2,80
Анна Л.,ИТ-23,Физика,1,92
Анна Л.,ИТ-23,Физика,2,80
Анна Л.,ИТ-23,Программирование,1,68
Анна Л.,ИТ-23,Программирование,2,73
Анна Л.,ИТ-23,История,1,89
Анна Л.,ИТ-23,История,2,83
Анна Л.,ИТ-23,Английский,1,68
Анна Л.,ИТ-23,Английский,2,63
Иван Т.,ИТ-23,Математика,1,71
Иван Т.,ИТ-23,Математика,2,70
Иван Т.,ИТ-23,Физика,1,48
Иван Т.,ИТ-23,Физика,2,48
Иван Т.,ИТ-23,Программирование,1,75
Иван Т.,ИТ-23,Программирование,2,54
Иван Т.,ИТ-23,История,1,61
Иван Т.,ИТ-23,История,2,50
Иван Т.,ИТ-23,Английский,1,75
Иван Т.,ИТ-23,Английский,2,79
Мария Ю.,ИТ-23,Математика,1,75
Мария Ю.,ИТ-23,Математика,2,72
Мария Ю.,ИТ-23,Физика,1,66
Мария Ю.,ИТ-23,Физика,2,61
Мария Ю.,ИТ-23,Программирование,1,61
Мария Ю.,ИТ-23,Программирование,2,66
Мария Ю.,ИТ-23,История,1,64
Мария Ю.,ИТ-23,История,2,71
Мария Ю.,ИТ-23,Английский,1,69
Мария Ю.,ИТ-23,Английский,2,70
Олег Е.,ИТ-23,Математика,1,76
Олег Е.,ИТ-23,Математика,2,86
Олег Е.,ИТ-23,Физика,1,81
Олег Е.,ИТ-23,Физика,2,81
Олег Е.,ИТ-23,Программирование,1,85
Олег Е.,ИТ-23,Программирование,2,76
Олег Е.,ИТ-23,История,1,78
Олег Е.,ИТ-23,История,2,84
Олег Е.,ИТ-23,Английский,1,69
Олег Е.,ИТ-23,Английский,2,73
Елена Н.,ИТ-23,Математика,1,51
Елена Н.,ИТ-23,Математика,2,53
Елена Н.,ИТ-23,Физика,1,47
Елена Н.,ИТ-23,Физика,2,44
Елена Н.,ИТ-23,Программирование,1,51
Елена Н.,ИТ-23,Программирование,2,59
Елена Н.,ИТ-23,История,1,59
Елена Н.,ИТ-23,История,2,65
Елена Н.,ИТ-23,Английский,1,58
Елена Н.,ИТ-23,Английский,2,53
Дмитрий Ф.,ИТ-23,Математика,1,73
Дмитрий Ф.,ИТ-23,Математика,2,67
Дмитрий Ф.,ИТ-23,Физика,1,68
Дмитрий Ф.,ИТ-23,Физика,2,71
Дмитрий Ф.,ИТ-23,Программирование,1,60
Дмитрий Ф.,ИТ-23,Программирование,2,66
Дмитрий Ф.,ИТ-23,История,1,42
Дмитрий Ф.,ИТ-23,История,2,54
Дмитрий Ф.,ИТ-23,Английский,1,70
Дмитрий Ф.,ИТ-23,Английский,2,75
Ольга А.,ИТ-23,Математика,1,87
Ольга А.,ИТ-23,Математика,2,97
Ольга А.,ИТ-23,Физика,1,73
Ольга А.,ИТ-23,Физика,2,77
Ольга А.,ИТ-23,Программирование,1,62
Ольга А.,ИТ-23,Программирование,2,67
Ольга А.,ИТ-23,История,1,94
Ольга А.,ИТ-23,История,2,77
Ольга А.,ИТ-23,Английский,1,74
Ольга А.,ИТ-23,Английский,2,85
Сергей З.,ИТ-23,Математика,1,60
Сергей З.,ИТ-23,Математика,2,52
Сергей З.,ИТ-23,Физика,1,57
Сергей З.,ИТ-23,Физика,2,61
Сергей З.,ИТ-23,Программирование,1,69
Сергей З.,ИТ-23,Программирование,2,74
Сергей З.,ИТ-23,История,1,77
Сергей З.,ИТ-23,История,2,69
Сергей З.,ИТ-23,Английский,1,63
Сергей З.,ИТ-23,Английский,2,56
Наталья П.,ИТ-23,Математика,1,80
Наталья П.,ИТ-23,Математика,2,85
Наталья П.,ИТ-23,Физика,1,100
Наталья П.,ИТ-23,Физика,2,94
Наталья П.,ИТ-23,Программирование,1,86
Наталья П.,ИТ-23,Программирование,2,76
Наталья П.,ИТ-23,История,1,80
Наталья П.,ИТ-23,История,2,84
Наталья П.,ИТ-23,Английский,1,63
Наталья П.,ИТ-23,Английский,2,62
Павел Ч.,ИТ-23,Математика,1,53
Павел Ч.,ИТ-23,Математика,2,68
Павел Ч.,ИТ-23,Физика,1,60
Павел Ч.,ИТ-23,Физика,2,70
Павел Ч.,ИТ-23,Программирование,1,53
Павел Ч.,ИТ-23,Программирование,2,58
Павел Ч.,ИТ-23,История,1,60
Павел Ч.,ИТ-23,История,2,71
Павел Ч.,ИТ-23,Английский,1,50
Павел Ч.,ИТ-23,Английский,2,68
