day,temp_min,temp_max,precip_mm
1,-9.9,-3.2,0.0
2,-9.7,-3.2,0.0
3,-9.0,-3.7,0.0
4,-14.2,-7.2,1.4
5,-12.6,-7.2,0.0
6,-12.4,-7.8,0.0
7,-12.8,-8.0,0.0
8,-8.5,-4.2,0.0
9,-7.0,-2.8,0.3
10,-6.9,-1.2,0.0
11,-9.9,-5.2,0.1
12,-9.3,-2.7,0.0
13,-9.9,-4.1,1.0
14,-10.2,-4.3,0.0
15,-9.1,-2.4,0.0
16,-7.4,-2.3,0.7
17,-8.4,-1.8,8.9
18,-9.5,-2.8,21.2
19,-8.4,-3.2,0.0
20,-9.5,-3.3,0.8
21,-7.8,-2.0,3.0
22,-8.4,-2.9,0.0
23,-8.7,-3.5,0.0
24,-6.6,-1.8,0.0
25,-4.3,0.7,1.3
26,-7.7,-3.4,0.0
27,-10.7,-3.8,0.0
28,-8.7,-3.5,0.0
29,-10.5,-4.1,0.0
30,-9.8,-5.7,1.8
31,-12.6,-8.1,0.0
32,-10.6,-4.1,0.0
33,-9.1,-2.7,0.0
34,-6.4,-2.0,0.0
35,-6.4,-2.0,0.0
36,-8.0,-2.2,1.1
37,-9.9,-3.7,0.0
38,-8.1,-3.5,0.0
39,-11.9,-6.0,3.8
40,-10.6,-5.5,0.0
41,-10.6,-6.3,0.0
42,-9.4,-5.0,0.5
43,-12.2,-5.7,0.0
44,-10.9,-4.8,1.3
45,-14.9,-10.7,0.0
46,-13.9,-7.7,0.0
47,-13.0,-6.8,0.0
48,-11.1,-5.1,2.8
49,-9.8,-4.5,11.3
50,-11.4,-6.2,0.0
51,-10.7,-3.7,2.0
52,-12.8,-5.8,1.3
53,-13.3,-6.6,7.4
54,-13.3,-8.4,0.0
55,-11.5,-4.8,6.5
56,-8.9,-4.5,4.7
57,-9.0,-3.4,5.3
58,-7.5,-0.9,0.9
59,-5.1,0.5,0.0
60,0.4,4.6,8.5
61,-1.9,4.2,0.0
62,-2.0,4.3,2.4
63,-3.1,2.4,3.5
64,-4.8,1.3,0.0
65,-4.1,2.4,5.1
66,-6.7,-0.5,7.8
67,-7.0,-0.8,4.5
68,-7.1,-1.2,0.0
69,-9.5,-2.9,4.7
70,-5.5,-0.1,0.0
71,-6.7,-1.1,5.0
72,-5.3,-0.3,0.0
73,-7.6,-1.5,4.3
74,-7.9,-1.9,0.0
75,-7.8,-2.5,0.0
76,-2.9,3.9,0.0
77,1.6,7.7,5.8
78,1.8,8.3,0.0
79,-5.3,0.3,2.5
80,-6.9,-0.4,0.2
81,-5.2,0.7,1.4
82,0.5,5.3,1.5
83,-2.1,2.5,1.2
84,-2.8,3.1,0.0
85,-5.0,0.5,3.7
86,-4.3,0.6,0.0
87,-5.3,-1.2,0.0
88,-3.2,2.7,4.6
89,-2.9,3.1,7.3
90,-0.1,6.5,4.0
91,-3.0,2.9,0.0
92,2.4,7.4,0.0
93,2.2,8.7,0.0
94,4.2,9.1,0.7
95,5.2,9.2,0.0
96,2.1,6.8,4.3
97,4.0,8.4,0.0
98,5.9,10.7,0.0
99,6.0,12.6,1.9
100,8.3,14.4,0.2
101,5.2,10.0,0.0
102,6.1,10.3,2.5
103,4.9,11.1,0.0
104,4.5,8.9,0.0
105,6.0,12.6,0.0
106,6.2,10.4,9.1
107,7.3,11.4,1.1
108,3.8,9.7,4.5
109,4.2,8.8,0.0
110,6.7,11.1,0.0
111,8.5,14.1,0.0
112,9.4,13.7,1.7
113,9.8,14.4,0.0
114,7.0,12.5,0.0
115,10.7,17.0,5.0
116,5.7,10.2,0.0
117,5.8,10.6,5.1
118,9.1,13.9,4.5
119,8.6,13.8,0.0
120,8.5,12.9,6.7
121,8.9,13.3,0.0
122,12.0,16.3,14.7
123,6.8,12.5,0.0
124,3.2,7.7,0.0
125,8.2,13.0,0.0
126,9.2,14.4,2.0
127,10.3,14.7,8.7
128,10.8,15.5,4.4
129,10.7,15.3,10.2
130,8.7,14.0,0.0
131,7.2,11.7,0.0
132,8.0,12.6,0.0
133,8.1,12.2,0.0
134,10.2,14.2,0.9
135,13.7,17.7,0.0
136,12.3,17.0,0.0
137,15.0,19.0,0.1
138,13.4,20.1,3.9
139,13.3,19.2,0.8
140,13.5,19.1,4.9
141,10.4,16.8,0.0
142,14.0,18.7,0.0
143,13.4,18.8,3.2
144,11.9,16.7,0.0
145,7.0,12.7,3.9
146,7.7,12.1,3.5
147,7.9,12.5,0.0
148,10.4,17.3,0.0
149,12.8,17.6,9.7
150,12.2,16.8,0.0
151,17.6,22.4,0.0
152,11.2,18.0,6.2
153,14.2,19.0,0.0
154,15.4,22.0,0.0
155,11.4,18.0,0.0
156,15.5,19.8,9.6
157,14.9,19.3,7.2
158,15.5,20.4,3.9
159,13.0,19.6,3.8
160,12.7,19.6,5.8
161,11.3,15.6,0.0
162,9.2,15.6,0.0
163,12.0,18.6,2.2
164,15.6,20.3,0.0
165,15.0,19.5,0.0
166,17.3,22.7,5.1
167,18.1,24.9,9.0
168,16.9,21.5,4.3
169,14.5,20.2,3.6
170,14.7,19.6,0.0
171,9.8,16.1,0.6
172,13.2,19.7,8.4
173,19.4,26.0,0.0
174,18.1,24.2,1.0
175,16.6,20.6,12.6
176,15.5,21.5,0.8
177,15.0,20.3,5.2
178,13.6,19.5,0.0
179,12.3,19.2,4.4
180,17.0,22.5,1.6
181,15.4,19.8,0.0
182,13.7,18.9,0.0
183,12.8,18.3,0.0
184,13.6,18.4,0.0
185,12.4,16.7,0.0
186,12.0,16.7,2.1
187,11.4,18.2,0.0
188,16.8,21.1,0.0
189,13.4,19.0,0.0
190,11.0,16.0,4.7
191,10.6,16.6,0.0
192,12.3,17.8,0.0
193,16.1,22.8,4.4
194,16.0,21.7,0.0
195,19.1,25.3,0.0
196,20.8,26.3,0.0
197,21.8,27.2,9.5
198,20.9,26.3,5.0
199,20.5,25.6,0.0
200,19.1,26.0,0.0
201,17.1,23.3,3.1
202,17.6,24.1,0.0
203,18.6,24.4,0.0
204,14.7,21.0,1.1
205,16.1,20.3,0.0
206,19.5,25.0,0.0
207,18.4,24.4,7.2
208,12.9,17.5,0.6
209,16.8,22.6,2.8
210,18.8,23.7,4.1
211,18.5,24.2,3.4
212,16.0,22.5,0.0
213,12.7,18.7,0.7
214,14.3,18.4,0.0
215,15.0,21.0,0.0
216,14.8,19.1,0.0
217,13.1,19.6,0.0
218,19.9,26.0,0.0
219,16.7,21.7,3.2
220,14.1,20.1,0.0
221,13.8,20.6,1.1
222,19.4,24.4,0.0
223,20.4,25.4,24.4
224,19.4,24.7,1.8
225,16.6,22.2,0.0
226,17.6,21.8,0.0
227,15.6,21.0,4.1
228,13.7,19.1,0.0
229,17.7,22.4,0.5
230,16.3,21.5,2.9
231,16.0,21.4,0.0
232,18.8,23.7,4.4
233,15.8,22.2,0.0
234,15.0,21.6,2.4
235,13.4,18.5,0.0
236,12.8,18.8,0.0
237,16.6,22.2,2.0
238,17.0,22.0,13.3
239,14.6,19.9,6.4
240,16.5,20.6,0.0
241,16.2,22.8,0.0
242,19.1,24.1,0.0
243,17.4,22.8,0.0
244,17.9,22.7,0.0
245,13.9,18.8,0.0
246,11.1,17.0,0.0
247,11.9,16.4,2.5
248,13.6,18.5,0.9
249,14.3,20.7,0.0
250,18.2,24.6,0.0
251,17.1,21.9,1.1
252,14.9,19.3,0.0
253,13.0,18.4,1.7
254,13.3,18.0,0.0
255,10.2,16.0,2.7
256,11.0,16.1,0.0
257,9.4,13.4,0.0
258,7.4,14.1,0.0
259,7.5,13.5,0.0
260,12.9,18.4,0.0
261,12.0,16.8,10.3
262,10.0,16.5,2.1
263,8.4,14.9,0.1
264,8.0,13.4,0.0
265,7.8,12.7,0.9
266,7.2,12.1,1.0
267,5.3,10.6,0.0
268,5.5,10.1,0.0
269,6.0,11.8,2.2
270,4.0,10.7,0.0
271,5.4,12.3,3.7
272,7.3,14.0,0.0
273,8.9,15.5,0.0
274,8.3,13.3,11.2
275,9.4,16.2,1.9
276,11.2,16.6,0.0
277,13.0,19.7,0.0
278,9.9,14.8,1.3
279,8.9,14.0,0.0
280,9.0,14.0,0.0
281,2.6,8.8,0.0
282,1.3,6.2,0.0
283,-0.6,5.7,10.0
284,1.3,7.5,3.4
285,1.7,7.1,0.0
286,7.3,12.9,0.0
287,9.6,13.7,0.0
288,8.3,14.4,0.0
289,3.7,10.4,2.8
290,2.6,6.6,1.5
291,4.7,9.6,8.1
292,4.4,11.1,2.3
293,3.5,10.0,0.0
294,0.0,6.8,0.0
295,-1.8,5.0,0.0
296,0.4,5.8,0.0
297,2.2,7.1,0.0
298,5.1,10.0,0.0
299,3.3,9.6,0.0
300,0.3,7.0,1.0
301,4.3,8.7,0.0
302,2.8,9.5,0.0
303,4.0,9.4,0.4
304,0.1,6.0,0.0
305,-1.8,4.6,2.6
306,-1.8,3.2,0.0
307,-2.1,4.7,4.4
308,-1.2,3.5,0.0
309,1.0,7.8,0.0
310,1.1,6.1,0.9
311,1.3,8.0,19.2
312,0.5,6.5,1.3
313,-2.5,2.3,0.0
314,-4.2,1.4,1.2
315,-6.3,0.6,0.0
316,-3.8,2.8,6.4
317,-0.5,5.5,8.6
318,0.2,4.4,4.5
319,1.2,5.8,0.0
320,-5.1,-0.8,0.0
321,-6.8,-1.2,0.0
322,-6.6,-1.6,0.0
323,-3.4,3.3,1.3
324,-2.5,3.8,0.0
325,-5.4,0.1,0.0
326,-7.9,-1.3,0.0
327,-7.7,-1.5,0.9
328,-5.3,-1.0,5.0
329,-10.5,-5.0,0.0
330,-7.4,-2.4,5.4
331,-6.7,-1.6,0.0
332,-4.5,2.0,5.3
333,-4.2,2.0,14.9
334,-3.6,0.8,0.0
335,-7.8,-2.7,0.2
336,-6.7,0.1,7.9
337,-4.9,1.2,0.0
338,-8.6,-1.9,4.0
339,-5.4,-0.6,1.0
340,-8.4,-2.6,1.0
341,-7.7,-1.4,0.0
342,-7.1,-1.9,8.2
343,-6.2,-0.1,0.0
344,-7.7,-2.9,0.0
345,-8.8,-3.0,4.4
346,-7.9,-1.3,0.0
347,-8.7,-2.0,4.8
348,-9.7,-3.4,3.1
349,-6.2,0.4,0.0
350,-8.6,-2.3,0.0
351,-8.7,-2.8,0.0
352,-11.6,-5.2,3.6
353,-12.0,-5.1,0.0
354,-8.7,-3.8,0.0
355,-10.8,-4.9,3.7
356,-5.5,-0.5,8.3
357,-8.5,-3.7,2.7
358,-8.7,-3.5,2.6
359,-8.1,-1.4,0.0
360,-9.1,-3.3,0.0
361,-10.8,-4.3,0.0
362,-10.1,-6.0,0.6
363,-10.9,-6.4,0.0
364,-10.1,-4.8,4.1
365,-7.1,-2.0,0.0
