order_id,date,customer_id,product_id,quantity,channel
10001,2025-01-01,C095,P18,2,маркетплейс
10001,2025-01-01,C095,P09,1,маркетплейс
10002,2025-01-01,C059,P10,1,приложение
10002,2025-01-01,C059,P06,1,приложение
10003,2025-01-01,C203,P03,1,сайт
10003,2025-01-01,C203,P08,2,сайт
10004,2025-01-02,C045,P13,2,приложение
10005,2025-01-02,C033,P18,2,маркетплейс
10006,2025-01-02,C130,P09,6,сайт
10007,2025-01-02,C176,P02,3,приложение
10008,2025-01-03,C001,P12,3,приложение
10009,2025-01-03,C075,P07,6,приложение
10010,2025-01-03,C080,P16,3,маркетплейс
10011,2025-01-03,C092,P13,3,маркетплейс
10012,2025-01-03,C023,P05,1,приложение
10012,2025-01-03,C023,P01,2,приложение
10012,2025-01-03,C023,P04,3,приложение
10013,2025-01-04,C119,P12,2,маркетплейс
10014,2025-01-04,C006,P02,3,приложение
10015,2025-01-04,C170,P02,2,маркетплейс
10016,2025-01-05,C023,P07,1,маркетплейс
10017,2025-01-05,C038,P04,1,сайт
10018,2025-01-05,C083,P03,7,сайт
10018,2025-01-05,C083,P06,4,сайт
10019,2025-01-06,C227,P08,3,маркетплейс
10020,2025-01-06,C093,P05,2,приложение
10020,2025-01-06,C093,P06,3,приложение
10020,2025-01-06,C093,P09,1,приложение
10021,2025-01-06,C068,P13,2,маркетплейс
10021,2025-01-06,C068,P03,4,маркетплейс
10022,2025-01-06,C091,P11,3,приложение
10022,2025-01-06,C091,P01,1,приложение
10023,2025-01-06,C074,P01,1,сайт
10023,2025-01-06,C074,P06,2,сайт
10024,2025-01-06,C221,P04,1,сайт
10024,2025-01-06,C221,P08,2,сайт
10025,2025-01-06,C124,P10,1,маркетплейс
10026,2025-01-07,C220,P02,2,маркетплейс
10027,2025-01-07,C068,P07,1,приложение
10027,2025-01-07,C068,P06,3,приложение
10027,2025-01-07,C068,P04,2,приложение
10028,2025-01-08,C190,P04,2,сайт
10028,2025-01-08,C190,P07,4,сайт
10029,2025-01-08,C019,P16,1,сайт
10029,2025-01-08,C019,P05,2,сайт
10030,2025-01-08,C164,P05,3,сайт
10030,2025-01-08,C164,P06,1,сайт
10031,2025-01-08,C164,P07,2,сайт
10032,2025-01-08,C038,P07,3,маркетплейс
10032,2025-01-08,C038,P13,3,маркетплейс
10033,2025-01-09,C030,P02,3,сайт
10034,2025-01-09,C033,P12,2,маркетплейс
10034,2025-01-09,C033,P10,3,маркетплейс
10034,2025-01-09,C033,P14,2,маркетплейс
10035,2025-01-09,C155,P09,3,сайт
10036,2025-01-09,C043,P08,1,сайт
10036,2025-01-09,C043,P06,1,сайт
10037,2025-01-09,C167,P11,1,маркетплейс
10037,2025-01-09,C167,P09,1,маркетплейс
10038,2025-01-10,C086,P07,2,маркетплейс
10038,2025-01-10,C086,P06,1,маркетплейс
10039,2025-01-10,C237,P05,1,приложение
10040,2025-01-10,C234,P17,1,сайт
10040,2025-01-10,C234,P09,1,сайт
10041,2025-01-10,C067,P12,2,сайт
10041,2025-01-10,C067,P08,1,сайт
10042,2025-01-10,C118,P07,1,маркетплейс
10042,2025-01-10,C118,P05,2,маркетплейс
10043,2025-01-10,C190,P06,1,приложение
10044,2025-01-10,C234,P09,1,приложение
10044,2025-01-10,C234,P06,2,приложение
10045,2025-01-10,C159,P03,2,сайт
10045,2025-01-10,C159,P04,1,сайт
10046,2025-01-11,C226,P02,2,маркетплейс
10046,2025-01-11,C226,P06,1,маркетплейс
10047,2025-01-11,C118,P17,1,сайт
10047,2025-01-11,C118,P03,2,сайт
10048,2025-01-11,C151,P03,5,сайт
10048,2025-01-11,C151,P01,4,сайт
10048,2025-01-11,C151,P12,2,сайт
10049,2025-01-11,C142,P07,4,сайт
10049,2025-01-11,C142,P08,3,сайт
10050,2025-01-11,C078,P03,1,маркетплейс
10050,2025-01-11,C078,P16,2,маркетплейс
10051,2025-01-11,C227,P10,3,маркетплейс
10051,2025-01-11,C227,P12,2,маркетплейс
10052,2025-01-11,C235,P03,3,приложение
10053,2025-01-11,C067,P05,2,сайт
10053,2025-01-11,C067,P11,2,сайт
10054,2025-01-12,C074,P20,2,сайт
10055,2025-01-12,C089,P06,2,сайт
10055,2025-01-12,C089,P10,4,сайт
10056,2025-01-12,C196,P12,2,сайт
10056,2025-01-12,C196,P03,2,сайт
10057,2025-01-12,C190,P07,2,приложение
10058,2025-01-13,C195,P05,3,сайт
10058,2025-01-13,C195,P03,1,сайт
10059,2025-01-13,C107,P06,2,приложение
10060,2025-01-13,C165,P09,1,маркетплейс
10061,2025-01-13,C053,P13,4,приложение
10061,2025-01-13,C053,P08,2,приложение
10061,2025-01-13,C053,P02,3,приложение
10062,2025-01-13,C124,P03,6,сайт
10062,2025-01-13,C124,P09,6,сайт
10062,2025-01-13,C124,P20,1,сайт
10063,2025-01-14,C087,P07,1,приложение
10064,2025-01-14,C050,P13,3,сайт
10065,2025-01-14,C023,P20,2,сайт
10065,2025-01-14,C023,P02,1,сайт
10066,2025-01-14,C186,P07,1,сайт
10067,2025-01-14,C075,P03,5,приложение
10068,2025-01-14,C227,P06,2,приложение
10069,2025-01-15,C166,P10,1,сайт
10069,2025-01-15,C166,P19,1,сайт
10070,2025-01-15,C011,P09,1,сайт
10071,2025-01-16,C160,P06,3,приложение
10072,2025-01-16,C118,P08,3,сайт
10072,2025-01-16,C118,P02,2,сайт
10073,2025-01-16,C067,P02,1,приложение
10074,2025-01-16,C074,P09,1,маркетплейс
10074,2025-01-16,C074,P17,1,маркетплейс
10075,2025-01-16,C080,P07,1,приложение
10076,2025-01-16,C227,P01,2,сайт
10077,2025-01-16,C128,P03,2,маркетплейс
10077,2025-01-16,C128,P13,3,маркетплейс
10078,2025-01-16,C119,P09,2,маркетплейс
10078,2025-01-16,C119,P01,1,маркетплейс
10079,2025-01-17,C237,P07,1,сайт
10080,2025-01-17,C132,P14,3,маркетплейс
10081,2025-01-17,C114,P09,1,приложение
10081,2025-01-17,C114,P12,2,приложение
10082,2025-01-17,C087,P03,1,приложение
10082,2025-01-17,C087,P07,6,приложение
10083,2025-01-17,C138,P04,1,сайт
10083,2025-01-17,C138,P08,1,сайт
10084,2025-01-17,C081,P14,2,приложение
10084,2025-01-17,C081,P03,1,приложение
10085,2025-01-17,C192,P07,1,маркетплейс
10086,2025-01-17,C176,P05,1,маркетплейс
10086,2025-01-17,C176,P11,3,маркетплейс
10087,2025-01-18,C023,P08,1,приложение
10088,2025-01-18,C151,P03,6,маркетплейс
10089,2025-01-18,C214,P07,2,сайт
10090,2025-01-18,C054,P08,3,маркетплейс
10091,2025-01-18,C045,P09,3,сайт
10091,2025-01-18,C045,P03,3,сайт
10092,2025-01-19,C121,P01,1,маркетплейс
10092,2025-01-19,C121,P02,2,маркетплейс
10093,2025-01-19,C005,P06,3,сайт
10094,2025-01-19,C041,P13,2,маркетплейс
10094,2025-01-19,C041,P08,3,маркетплейс
10095,2025-01-19,C130,P10,2,приложение
10096,2025-01-19,C057,P13,2,сайт
10096,2025-01-19,C057,P02,2,сайт
10097,2025-01-19,C054,P03,1,приложение
10097,2025-01-19,C054,P10,4,приложение
10098,2025-01-20,C011,P08,2,приложение
10098,2025-01-20,C011,P05,2,приложение
10098,2025-01-20,C011,P13,3,приложение
10099,2025-01-20,C144,P01,2,сайт
10099,2025-01-20,C144,P04,1,сайт
10100,2025-01-20,C221,P04,1,приложение
10100,2025-01-20,C221,P17,2,приложение
10101,2025-01-20,C058,P05,1,сайт
10101,2025-01-20,C058,P07,1,сайт
10102,2025-01-20,C222,P11,2,сайт
10103,2025-01-21,C098,P08,2,маркетплейс
10104,2025-01-21,C221,P09,1,сайт
10105,2025-01-21,C134,P08,6,сайт
10106,2025-01-21,C237,P01,1,сайт
10106,2025-01-21,C237,P05,2,сайт
10107,2025-01-22,C038,P11,2,маркетплейс
10107,2025-01-22,C038,P10,5,маркетплейс
10108,2025-01-22,C075,P02,6,приложение
10108,2025-01-22,C075,P19,2,приложение
10109,2025-01-22,C160,P08,1,сайт
10109,2025-01-22,C160,P13,2,сайт
10110,2025-01-22,C202,P15,2,сайт
10111,2025-01-22,C149,P06,3,сайт
10111,2025-01-22,C149,P02,3,сайт
10112,2025-01-22,C221,P11,2,маркетплейс
10113,2025-01-22,C119,P06,2,сайт
10114,2025-01-23,C128,P10,2,приложение
10115,2025-01-23,C237,P06,2,приложение
10115,2025-01-23,C237,P03,3,приложение
10115,2025-01-23,C237,P05,2,приложение
10116,2025-01-23,C118,P05,4,сайт
10117,2025-01-24,C170,P04,1,маркетплейс
10117,2025-01-24,C170,P08,2,маркетплейс
10118,2025-01-24,C118,P07,1,приложение
10119,2025-01-24,C079,P07,3,маркетплейс
10119,2025-01-24,C079,P05,1,маркетплейс
10120,2025-01-24,C220,P08,2,приложение
10120,2025-01-24,C220,P03,5,приложение
10121,2025-01-24,C214,P19,3,сайт
10121,2025-01-24,C214,P02,2,сайт
10121,2025-01-24,C214,P04,2,сайт
10122,2025-01-25,C178,P06,2,сайт
10122,2025-01-25,C178,P11,2,сайт
10122,2025-01-25,C178,P09,2,сайт
10123,2025-01-25,C127,P01,1,сайт
10123,2025-01-25,C127,P06,2,сайт
10124,2025-01-25,C006,P10,1,приложение
10125,2025-01-26,C151,P02,7,приложение
10125,2025-01-26,C151,P11,2,приложение
10126,2025-01-26,C043,P05,2,приложение
10126,2025-01-26,C043,P01,1,приложение
10127,2025-01-26,C023,P08,1,приложение
10128,2025-01-27,C017,P08,2,сайт
10129,2025-01-27,C207,P05,3,маркетплейс
10130,2025-01-27,C019,P07,1,маркетплейс
10131,2025-01-27,C119,P05,2,сайт
10131,2025-01-27,C119,P12,3,сайт
10132,2025-01-28,C218,P08,1,приложение
10132,2025-01-28,C218,P07,3,приложение
10133,2025-01-28,C123,P05,2,сайт
10133,2025-01-28,C123,P03,3,сайт
10134,2025-01-28,C216,P01,4,приложение
10135,2025-01-28,C185,P18,1,приложение
10135,2025-01-28,C185,P02,3,приложение
10136,2025-01-28,C176,P06,4,приложение
10136,2025-01-28,C176,P16,2,приложение
10136,2025-01-28,C176,P07,2,приложение
10137,2025-01-28,C041,P04,1,приложение
10138,2025-01-29,C158,P10,1,маркетплейс
10138,2025-01-29,C158,P02,3,маркетплейс
10139,2025-01-30,C125,P07,2,сайт
10140,2025-01-30,C237,P16,1,маркетплейс
10140,2025-01-30,C237,P06,2,маркетплейс
10140,2025-01-30,C237,P09,1,маркетплейс
10141,2025-01-31,C067,P07,3,приложение
10141,2025-01-31,C067,P08,3,приложение
10142,2025-01-31,C090,P06,3,приложение
10143,2025-01-31,C132,P06,2,приложение
10144,2025-02-01,C139,P10,2,сайт
10144,2025-02-01,C139,P03,2,сайт
10145,2025-02-01,C028,P11,4,маркетплейс
10146,2025-02-01,C164,P02,1,сайт
10147,2025-02-01,C023,P07,2,маркетплейс
10147,2025-02-01,C023,P13,5,маркетплейс
10147,2025-02-01,C023,P08,1,маркетплейс
10148,2025-02-01,C038,P13,2,приложение
10149,2025-02-01,C092,P07,2,приложение
10150,2025-02-02,C121,P12,2,приложение
10151,2025-02-02,C046,P02,3,маркетплейс
10151,2025-02-02,C046,P06,1,маркетплейс
10152,2025-02-02,C038,P10,1,маркетплейс
10152,2025-02-02,C038,P12,2,маркетплейс
10152,2025-02-02,C038,P04,1,маркетплейс
10153,2025-02-02,C045,P08,4,сайт
10154,2025-02-02,C179,P13,1,маркетплейс
10154,2025-02-02,C179,P03,2,маркетплейс
10155,2025-02-03,C081,P03,3,маркетплейс
10155,2025-02-03,C081,P01,1,маркетплейс
10156,2025-02-03,C122,P04,3,приложение
10157,2025-02-03,C162,P14,2,сайт
10157,2025-02-03,C162,P04,1,сайт
10158,2025-02-03,C025,P17,1,маркетплейс
10158,2025-02-03,C025,P06,2,маркетплейс
10159,2025-02-03,C164,P03,2,сайт
10160,2025-02-03,C022,P07,7,сайт
10160,2025-02-03,C022,P11,1,сайт
10161,2025-02-03,C143,P10,4,сайт
10162,2025-02-04,C207,P11,1,сайт
10162,2025-02-04,C207,P09,3,сайт
10163,2025-02-05,C089,P12,1,приложение
10163,2025-02-05,C089,P08,1,приложение
10163,2025-02-05,C089,P01,1,приложение
10164,2025-02-05,C227,P01,1,сайт
10164,2025-02-05,C227,P07,1,сайт
10165,2025-02-05,C112,P16,1,сайт
10166,2025-02-06,C208,P02,2,маркетплейс
10166,2025-02-06,C208,P03,3,маркетплейс
10167,2025-02-06,C227,P06,1,сайт
10168,2025-02-06,C234,P01,1,сайт
10169,2025-02-06,C068,P07,1,приложение
10169,2025-02-06,C068,P13,3,приложение
10170,2025-02-06,C207,P03,2,приложение
10170,2025-02-06,C207,P09,2,приложение
10171,2025-02-07,C023,P07,1,сайт
10171,2025-02-07,C023,P06,1,сайт
10172,2025-02-07,C064,P09,2,сайт
10172,2025-02-07,C064,P02,2,сайт
10173,2025-02-07,C098,P06,2,маркетплейс
10173,2025-02-07,C098,P07,1,маркетплейс
10174,2025-02-07,C063,P07,1,маркетплейс
10175,2025-02-07,C081,P05,3,маркетплейс
10176,2025-02-07,C030,P12,2,приложение
10176,2025-02-07,C030,P09,4,приложение
10177,2025-02-07,C178,P01,1,маркетплейс
10177,2025-02-07,C178,P08,2,маркетплейс
10178,2025-02-08,C220,P19,3,сайт
10178,2025-02-08,C220,P04,1,сайт
10179,2025-02-08,C195,P02,2,маркетплейс
10180,2025-02-08,C203,P09,3,приложение
10181,2025-02-08,C087,P05,3,сайт
10182,2025-02-08,C207,P14,2,маркетплейс
10183,2025-02-08,C135,P13,2,сайт
10184,2025-02-08,C024,P07,6,сайт
10185,2025-02-08,C023,P10,2,сайт
10186,2025-02-08,C091,P06,3,сайт
10186,2025-02-08,C091,P08,2,сайт
10186,2025-02-08,C091,P02,5,сайт
10187,2025-02-09,C041,P02,2,сайт
10187,2025-02-09,C041,P07,2,сайт
10188,2025-02-09,C023,P05,1,сайт
10189,2025-02-10,C190,P08,3,приложение
10189,2025-02-10,C190,P07,2,приложение
10190,2025-02-10,C068,P02,1,сайт
10190,2025-02-10,C068,P03,3,сайт
10191,2025-02-11,C126,P11,2,сайт
10192,2025-02-11,C113,P10,2,сайт
10193,2025-02-11,C160,P16,1,сайт
10193,2025-02-11,C160,P06,1,сайт
10194,2025-02-11,C015,P04,1,маркетплейс
10195,2025-02-11,C214,P20,1,сайт
10196,2025-02-12,C121,P06,1,приложение
10197,2025-02-13,C234,P08,3,приложение
10198,2025-02-13,C220,P01,1,сайт
10199,2025-02-13,C063,P01,1,сайт
10199,2025-02-13,C063,P02,1,сайт
10200,2025-02-14,C115,P10,4,сайт
10200,2025-02-14,C115,P07,3,сайт
10201,2025-02-14,C068,P19,2,сайт
10202,2025-02-14,C176,P04,1,сайт
10203,2025-02-14,C068,P06,2,маркетплейс
10204,2025-02-15,C108,P02,5,сайт
10204,2025-02-15,C108,P09,5,сайт
10204,2025-02-15,C108,P03,5,сайт
10205,2025-02-15,C059,P10,2,сайт
10205,2025-02-15,C059,P03,3,сайт
10206,2025-02-15,C072,P19,2,маркетплейс
10206,2025-02-15,C072,P06,7,маркетплейс
10207,2025-02-15,C053,P06,1,маркетплейс
10207,2025-02-15,C053,P09,3,маркетплейс
10208,2025-02-15,C124,P11,1,сайт
10209,2025-02-15,C050,P15,2,маркетплейс
10210,2025-02-16,C138,P11,2,маркетплейс
10211,2025-02-16,C137,P10,1,маркетплейс
10211,2025-02-16,C137,P06,5,маркетплейс
10211,2025-02-16,C137,P03,6,маркетплейс
10212,2025-02-16,C227,P09,2,сайт
10213,2025-02-16,C123,P01,2,сайт
10213,2025-02-16,C123,P07,1,сайт
10214,2025-02-16,C032,P09,1,сайт
10215,2025-02-16,C013,P12,1,сайт
10215,2025-02-16,C013,P07,2,сайт
10216,2025-02-16,C097,P13,1,маркетплейс
10217,2025-02-16,C195,P18,2,сайт
10217,2025-02-16,C195,P03,2,сайт
10218,2025-02-17,C030,P02,1,сайт
10219,2025-02-17,C068,P20,1,приложение
10220,2025-02-17,C098,P05,2,приложение
10221,2025-02-17,C098,P05,4,маркетплейс
10221,2025-02-17,C098,P17,1,маркетплейс
10222,2025-02-18,C216,P05,6,приложение
10223,2025-02-18,C167,P09,2,маркетплейс
10224,2025-02-18,C216,P02,3,сайт
10225,2025-02-18,C064,P08,2,сайт
10226,2025-02-18,C234,P02,1,маркетплейс
10227,2025-02-18,C233,P06,2,сайт
10227,2025-02-18,C233,P01,1,сайт
10228,2025-02-18,C219,P02,2,сайт
10229,2025-02-18,C090,P09,7,сайт
10229,2025-02-18,C090,P03,9,сайт
10230,2025-02-19,C216,P02,6,маркетплейс
10231,2025-02-19,C191,P05,1,сайт
10232,2025-02-19,C083,P06,6,приложение
10232,2025-02-19,C083,P13,2,приложение
10233,2025-02-19,C038,P02,1,маркетплейс
10234,2025-02-19,C221,P09,1,сайт
10235,2025-02-19,C010,P01,1,сайт
10235,2025-02-19,C010,P05,1,сайт
10236,2025-02-19,C041,P07,1,сайт
10237,2025-02-19,C228,P05,2,маркетплейс
10237,2025-02-19,C228,P03,2,маркетплейс
10238,2025-02-19,C110,P14,2,приложение
10239,2025-02-20,C208,P06,1,приложение
10239,2025-02-20,C208,P07,2,приложение
10240,2025-02-20,C190,P17,1,приложение
10241,2025-02-20,C122,P12,3,сайт
10242,2025-02-20,C038,P09,1,маркетплейс
10243,2025-02-20,C170,P02,2,приложение
10244,2025-02-20,C111,P08,2,сайт
10245,2025-02-21,C050,P11,2,маркетплейс
10246,2025-02-21,C195,P09,3,сайт
10246,2025-02-21,C195,P07,2,сайт
10247,2025-02-21,C138,P03,3,сайт
10248,2025-02-22,C115,P13,2,маркетплейс
10249,2025-02-22,C011,P04,1,маркетплейс
10250,2025-02-22,C068,P05,2,сайт
10250,2025-02-22,C068,P11,2,сайт
10250,2025-02-22,C068,P14,1,сайт
10251,2025-02-23,C216,P05,4,сайт
10252,2025-02-23,C068,P08,3,маркетплейс
10253,2025-02-23,C138,P06,1,маркетплейс
10254,2025-02-23,C064,P07,1,приложение
10254,2025-02-23,C064,P09,2,приложение
10255,2025-02-23,C119,P01,1,приложение
10256,2025-02-23,C100,P06,1,сайт
10257,2025-02-24,C134,P08,6,сайт
10258,2025-02-24,C134,P07,9,сайт
10259,2025-02-24,C068,P05,1,сайт
10260,2025-02-24,C178,P04,2,приложение
10260,2025-02-24,C178,P02,3,приложение
10260,2025-02-24,C178,P05,3,приложение
10261,2025-02-25,C196,P08,4,маркетплейс
10262,2025-02-25,C169,P08,4,сайт
10262,2025-02-25,C169,P05,1,сайт
10263,2025-02-25,C122,P01,1,маркетплейс
10264,2025-02-25,C135,P06,1,сайт
10265,2025-02-26,C171,P10,2,маркетплейс
10266,2025-02-26,C179,P06,1,маркетплейс
10267,2025-02-26,C041,P02,1,сайт
10267,2025-02-26,C041,P08,1,сайт
10268,2025-02-26,C130,P11,1,маркетплейс
10269,2025-02-26,C122,P04,1,сайт
10269,2025-02-26,C122,P05,2,сайт
10269,2025-02-26,C122,P11,1,сайт
10270,2025-02-26,C195,P02,1,приложение
10271,2025-02-26,C047,P01,2,сайт
10272,2025-02-27,C170,P03,2,сайт
10273,2025-02-27,C006,P07,1,сайт
10273,2025-02-27,C006,P01,1,сайт
10274,2025-02-27,C074,P06,4,приложение
10275,2025-02-27,C162,P08,1,сайт
10276,2025-02-27,C119,P05,2,приложение
10277,2025-02-27,C097,P01,1,сайт
10278,2025-02-28,C138,P05,2,сайт
10279,2025-02-28,C113,P08,4,приложение
10279,2025-02-28,C113,P04,1,приложение
10280,2025-02-28,C068,P08,1,приложение
10280,2025-02-28,C068,P11,1,приложение
10281,2025-02-28,C140,P12,3,приложение
10281,2025-02-28,C140,P13,1,приложение
10282,2025-03-01,C097,P15,1,сайт
10282,2025-03-01,C097,P07,3,сайт
10283,2025-03-01,C057,P06,2,приложение
10284,2025-03-01,C195,P09,3,сайт
10285,2025-03-01,C203,P03,3,приложение
10285,2025-03-01,C203,P08,1,приложение
10286,2025-03-01,C120,P19,3,маркетплейс
10287,2025-03-01,C113,P14,4,приложение
10287,2025-03-01,C113,P04,1,приложение
10288,2025-03-01,C170,P01,1,приложение
10289,2025-03-01,C220,P09,1,сайт
10289,2025-03-01,C220,P11,3,сайт
10290,2025-03-02,C178,P11,2,приложение
10290,2025-03-02,C178,P06,1,приложение
10291,2025-03-02,C147,P04,2,приложение
10292,2025-03-02,C038,P04,1,приложение
10293,2025-03-02,C199,P05,2,приложение
10293,2025-03-02,C199,P09,1,приложение
10294,2025-03-02,C176,P02,3,сайт
10294,2025-03-02,C176,P07,1,сайт
10295,2025-03-02,C057,P05,1,приложение
10295,2025-03-02,C057,P08,2,приложение
10296,2025-03-02,C196,P11,2,сайт
10297,2025-03-02,C069,P04,1,маркетплейс
10298,2025-03-02,C189,P15,1,маркетплейс
10298,2025-03-02,C189,P02,1,маркетплейс
10298,2025-03-02,C189,P11,1,маркетплейс
10299,2025-03-03,C131,P03,3,приложение
10300,2025-03-03,C054,P02,2,сайт
10300,2025-03-03,C054,P04,1,сайт
10300,2025-03-03,C054,P20,2,сайт
10301,2025-03-03,C091,P04,1,маркетплейс
10301,2025-03-03,C091,P01,1,маркетплейс
10302,2025-03-03,C068,P05,2,сайт
10302,2025-03-03,C068,P08,1,сайт
10303,2025-03-04,C017,P13,2,сайт
10304,2025-03-05,C194,P13,4,сайт
10304,2025-03-05,C194,P14,1,сайт
10305,2025-03-05,C126,P03,4,сайт
10306,2025-03-06,C073,P11,2,сайт
10307,2025-03-06,C040,P01,1,приложение
10308,2025-03-06,C142,P13,1,сайт
10309,2025-03-06,C122,P07,1,приложение
10309,2025-03-06,C122,P08,2,приложение
10309,2025-03-06,C122,P13,2,приложение
10310,2025-03-07,C118,P16,3,маркетплейс
10310,2025-03-07,C118,P11,2,маркетплейс
10311,2025-03-07,C122,P07,1,маркетплейс
10311,2025-03-07,C122,P15,3,маркетплейс
10311,2025-03-07,C122,P03,2,маркетплейс
10312,2025-03-07,C005,P02,4,маркетплейс
10313,2025-03-07,C203,P02,2,сайт
10314,2025-03-08,C194,P20,1,сайт
10315,2025-03-08,C196,P03,1,маркетплейс
10316,2025-03-08,C175,P11,3,сайт
10316,2025-03-08,C175,P04,4,сайт
10317,2025-03-09,C203,P05,1,маркетплейс
10318,2025-03-09,C178,P13,2,маркетплейс
10318,2025-03-09,C178,P03,2,маркетплейс
10319,2025-03-09,C133,P03,1,сайт
10319,2025-03-09,C133,P04,1,сайт
10320,2025-03-09,C019,P07,4,сайт
10321,2025-03-10,C118,P10,4,сайт
10321,2025-03-10,C118,P12,2,сайт
10322,2025-03-10,C127,P12,3,сайт
10322,2025-03-10,C127,P05,3,сайт
10322,2025-03-10,C127,P08,2,сайт
10323,2025-03-10,C074,P03,2,сайт
10323,2025-03-10,C074,P06,1,сайт
10324,2025-03-10,C053,P16,1,маркетплейс
10324,2025-03-10,C053,P14,1,маркетплейс
10325,2025-03-10,C215,P04,2,маркетплейс
10326,2025-03-11,C024,P16,3,приложение
10327,2025-03-11,C153,P01,1,маркетплейс
10328,2025-03-11,C196,P06,2,маркетплейс
10329,2025-03-11,C068,P03,3,маркетплейс
10330,2025-03-12,C134,P02,7,приложение
10331,2025-03-12,C118,P03,4,приложение
10332,2025-03-12,C215,P01,2,приложение
10332,2025-03-12,C215,P03,2,приложение
10333,2025-03-12,C069,P06,1,сайт
10333,2025-03-12,C069,P13,2,сайт
10334,2025-03-13,C021,P04,1,сайт
10334,2025-03-13,C021,P07,1,сайт
10335,2025-03-13,C160,P02,1,приложение
10335,2025-03-13,C160,P04,2,приложение
10336,2025-03-13,C147,P11,1,сайт
10337,2025-03-14,C057,P11,1,сайт
10338,2025-03-14,C171,P19,2,сайт
10338,2025-03-14,C171,P05,1,сайт
10339,2025-03-14,C069,P03,2,сайт
10340,2025-03-14,C132,P03,3,приложение
10341,2025-03-14,C023,P07,2,сайт
10342,2025-03-14,C081,P05,4,маркетплейс
10343,2025-03-14,C181,P13,3,сайт
10343,2025-03-14,C181,P01,2,сайт
10343,2025-03-14,C181,P10,2,сайт
10344,2025-03-15,C171,P09,2,маркетплейс
10345,2025-03-15,C171,P19,2,сайт
10345,2025-03-15,C171,P04,1,сайт
10346,2025-03-15,C204,P13,1,сайт
10346,2025-03-15,C204,P02,4,сайт
10346,2025-03-15,C204,P16,1,сайт
10347,2025-03-16,C146,P02,2,маркетплейс
10347,2025-03-16,C146,P15,2,маркетплейс
10348,2025-03-16,C006,P03,1,сайт
10348,2025-03-16,C006,P01,1,сайт
10348,2025-03-16,C006,P09,4,сайт
10349,2025-03-16,C169,P01,1,приложение
10350,2025-03-16,C188,P10,1,приложение
10350,2025-03-16,C188,P11,3,приложение
10351,2025-03-16,C138,P01,3,приложение
10351,2025-03-16,C138,P03,5,приложение
10352,2025-03-16,C087,P04,1,сайт
10353,2025-03-17,C176,P05,1,маркетплейс
10354,2025-03-17,C032,P08,1,приложение
10355,2025-03-17,C114,P17,1,сайт
10356,2025-03-18,C068,P13,2,маркетплейс
10357,2025-03-18,C171,P01,1,маркетплейс
10358,2025-03-18,C005,P03,2,приложение
10359,2025-03-18,C092,P01,2,сайт
10359,2025-03-18,C092,P16,1,сайт
10360,2025-03-19,C098,P05,3,сайт
10361,2025-03-19,C167,P06,2,приложение
10362,2025-03-19,C050,P08,2,сайт
10362,2025-03-19,C050,P09,1,сайт
10363,2025-03-19,C118,P03,2,сайт
10364,2025-03-19,C118,P12,1,приложение
10365,2025-03-19,C156,P12,2,маркетплейс
10366,2025-03-20,C173,P13,1,сайт
10366,2025-03-20,C173,P16,1,сайт
10367,2025-03-20,C019,P07,1,маркетплейс
10368,2025-03-20,C174,P13,2,сайт
10368,2025-03-20,C174,P12,2,сайт
10369,2025-03-20,C237,P10,1,приложение
10369,2025-03-20,C237,P07,2,приложение
10370,2025-03-20,C135,P01,2,приложение
10371,2025-03-20,C024,P13,1,приложение
10371,2025-03-20,C024,P10,2,приложение
10372,2025-03-20,C216,P07,8,маркетплейс
10372,2025-03-20,C216,P11,2,маркетплейс
10373,2025-03-21,C219,P20,1,сайт
10373,2025-03-21,C219,P06,1,сайт
10374,2025-03-21,C090,P02,4,приложение
10375,2025-03-22,C107,P04,1,сайт
10375,2025-03-22,C107,P10,2,сайт
10375,2025-03-22,C107,P09,2,сайт
10376,2025-03-22,C161,P12,2,сайт
10376,2025-03-22,C161,P09,5,сайт
10376,2025-03-22,C161,P02,3,сайт
10377,2025-03-22,C050,P09,1,приложение
10377,2025-03-22,C050,P02,1,приложение
10378,2025-03-23,C024,P03,6,сайт
10379,2025-03-23,C122,P02,1,приложение
10379,2025-03-23,C122,P14,1,приложение
10380,2025-03-23,C047,P02,1,приложение
10380,2025-03-23,C047,P20,1,приложение
10380,2025-03-23,C047,P05,1,приложение
10381,2025-03-24,C208,P02,2,маркетплейс
10381,2025-03-24,C208,P07,2,маркетплейс
10381,2025-03-24,C208,P10,2,маркетплейс
10382,2025-03-24,C190,P09,1,сайт
10382,2025-03-24,C190,P14,3,сайт
10383,2025-03-24,C002,P14,2,сайт
10383,2025-03-24,C002,P02,1,сайт
10384,2025-03-25,C030,P19,2,приложение
10384,2025-03-25,C030,P13,1,приложение
10385,2025-03-25,C117,P17,1,маркетплейс
10386,2025-03-25,C024,P17,2,маркетплейс
10386,2025-03-25,C024,P01,3,маркетплейс
10386,2025-03-25,C024,P10,1,маркетплейс
10387,2025-03-26,C080,P17,1,маркетплейс
10388,2025-03-26,C033,P07,4,сайт
10388,2025-03-26,C033,P03,2,сайт
10389,2025-03-26,C031,P01,2,приложение
10389,2025-03-26,C031,P02,2,приложение
10390,2025-03-26,C118,P05,2,сайт
10390,2025-03-26,C118,P06,3,сайт
10390,2025-03-26,C118,P11,3,сайт
10391,2025-03-26,C237,P02,1,сайт
10392,2025-03-27,C050,P15,2,приложение
10393,2025-03-27,C002,P19,2,приложение
10394,2025-03-27,C134,P15,2,сайт
10395,2025-03-28,C226,P03,3,приложение
10396,2025-03-28,C216,P16,1,маркетплейс
10397,2025-03-28,C139,P01,1,приложение
10398,2025-03-28,C226,P04,1,маркетплейс
10398,2025-03-28,C226,P06,2,маркетплейс
10399,2025-03-29,C038,P02,2,сайт
10399,2025-03-29,C038,P03,2,сайт
10400,2025-03-29,C092,P06,1,сайт
10400,2025-03-29,C092,P10,2,сайт
10401,2025-03-29,C220,P13,1,приложение
10402,2025-03-29,C165,P15,3,приложение
10402,2025-03-29,C165,P08,1,приложение
10403,2025-03-29,C068,P06,2,сайт
10404,2025-03-30,C038,P01,1,приложение
10405,2025-03-30,C214,P17,2,сайт
10405,2025-03-30,C214,P14,1,сайт
10406,2025-03-30,C147,P09,2,приложение
10407,2025-03-30,C151,P08,6,маркетплейс
10407,2025-03-30,C151,P14,3,маркетплейс
10408,2025-03-30,C169,P05,3,маркетплейс
10408,2025-03-30,C169,P11,2,маркетплейс
10408,2025-03-30,C169,P12,1,маркетплейс
10409,2025-03-31,C119,P11,1,сайт
10410,2025-03-31,C045,P03,1,сайт
10411,2025-03-31,C183,P04,1,сайт
10411,2025-03-31,C183,P17,1,сайт
10412,2025-03-31,C207,P03,3,маркетплейс
10412,2025-03-31,C207,P01,3,маркетплейс
10413,2025-03-31,C023,P03,1,маркетплейс
10414,2025-03-31,C207,P08,2,приложение
10414,2025-03-31,C207,P11,2,приложение
10415,2025-03-31,C098,P09,2,сайт
10416,2025-04-01,C110,P05,4,сайт
10417,2025-04-01,C009,P06,4,сайт
10417,2025-04-01,C009,P19,1,сайт
10418,2025-04-01,C159,P02,1,маркетплейс
10419,2025-04-01,C067,P03,3,маркетплейс
10420,2025-04-02,C155,P11,3,сайт
10420,2025-04-02,C155,P20,1,сайт
10421,2025-04-02,C045,P05,2,маркетплейс
10421,2025-04-02,C045,P13,4,маркетплейс
10422,2025-04-02,C028,P05,1,сайт
10423,2025-04-02,C196,P07,1,маркетплейс
10424,2025-04-03,C219,P18,2,приложение
10424,2025-04-03,C219,P14,2,приложение
10424,2025-04-03,C219,P12,5,приложение
10425,2025-04-03,C203,P02,3,приложение
10426,2025-04-03,C068,P16,1,маркетплейс
10426,2025-04-03,C068,P11,4,маркетплейс
10427,2025-04-04,C170,P04,2,сайт
10428,2025-04-05,C069,P17,1,маркетплейс
10428,2025-04-05,C069,P14,5,маркетплейс
10428,2025-04-05,C069,P07,3,маркетплейс
10429,2025-04-05,C041,P20,1,маркетплейс
10430,2025-04-05,C100,P06,2,сайт
10430,2025-04-05,C100,P15,1,сайт
10431,2025-04-05,C050,P04,1,маркетплейс
10431,2025-04-05,C050,P13,2,маркетплейс
10432,2025-04-05,C208,P04,1,маркетплейс
10433,2025-04-05,C112,P02,3,сайт
10433,2025-04-05,C112,P05,2,сайт
10434,2025-04-06,C212,P03,1,маркетплейс
10434,2025-04-06,C212,P01,1,маркетплейс
10435,2025-04-06,C211,P05,1,сайт
10435,2025-04-06,C211,P12,1,сайт
10436,2025-04-06,C204,P06,1,сайт
10436,2025-04-06,C204,P02,3,сайт
10437,2025-04-06,C181,P10,4,маркетплейс
10437,2025-04-06,C181,P08,1,маркетплейс
10438,2025-04-06,C045,P20,1,приложение
10438,2025-04-06,C045,P06,1,приложение
10439,2025-04-06,C017,P08,1,маркетплейс
10440,2025-04-07,C011,P01,1,сайт
10440,2025-04-07,C011,P04,3,сайт
10441,2025-04-07,C024,P05,6,приложение
10441,2025-04-07,C024,P03,4,приложение
10442,2025-04-08,C208,P12,3,сайт
10442,2025-04-08,C208,P03,1,сайт
10443,2025-04-09,C207,P19,3,маркетплейс
10443,2025-04-09,C207,P13,3,маркетплейс
10444,2025-04-09,C069,P14,1,сайт
10444,2025-04-09,C069,P05,1,сайт
10445,2025-04-10,C207,P05,2,сайт
10446,2025-04-10,C167,P08,1,маркетплейс
10446,2025-04-10,C167,P04,1,маркетплейс
10447,2025-04-10,C226,P04,3,сайт
10448,2025-04-10,C011,P10,2,сайт
10448,2025-04-10,C011,P04,2,сайт
10448,2025-04-10,C011,P03,4,сайт
10449,2025-04-10,C137,P03,7,сайт
10449,2025-04-10,C137,P05,5,сайт
10450,2025-04-10,C013,P01,3,приложение
10451,2025-04-11,C074,P05,4,приложение
10451,2025-04-11,C074,P10,2,приложение
10452,2025-04-11,C170,P08,1,сайт
10453,2025-04-11,C220,P13,5,приложение
10454,2025-04-11,C001,P20,2,сайт
10455,2025-04-12,C122,P05,1,сайт
10455,2025-04-12,C122,P01,1,сайт
10455,2025-04-12,C122,P06,4,сайт
10456,2025-04-12,C067,P03,1,маркетплейс
10456,2025-04-12,C067,P07,3,маркетплейс
10457,2025-04-12,C195,P02,2,сайт
10457,2025-04-12,C195,P03,2,сайт
10458,2025-04-12,C176,P08,4,маркетплейс
10458,2025-04-12,C176,P05,2,маркетплейс
10459,2025-04-12,C178,P02,2,сайт
10460,2025-04-12,C103,P08,3,сайт
10460,2025-04-12,C103,P12,2,сайт
10461,2025-04-12,C130,P10,2,приложение
10461,2025-04-12,C130,P03,5,приложение
10462,2025-04-13,C212,P02,1,приложение
10463,2025-04-13,C030,P09,3,маркетплейс
10464,2025-04-13,C234,P11,1,приложение
10465,2025-04-13,C199,P12,3,сайт
10466,2025-04-13,C207,P12,2,приложение
10467,2025-04-13,C151,P07,7,сайт
10467,2025-04-13,C151,P05,7,сайт
10468,2025-04-13,C072,P01,3,сайт
10468,2025-04-13,C072,P19,2,сайт
10469,2025-04-14,C041,P01,3,маркетплейс
10469,2025-04-14,C041,P12,2,маркетплейс
10470,2025-04-14,C061,P03,1,приложение
10471,2025-04-14,C195,P11,4,сайт
10472,2025-04-14,C024,P03,6,сайт
10472,2025-04-14,C024,P11,1,сайт
10473,2025-04-14,C137,P20,1,маркетплейс
10474,2025-04-15,C068,P03,3,сайт
10475,2025-04-15,C102,P06,3,сайт
10475,2025-04-15,C102,P07,4,сайт
10476,2025-04-15,C162,P15,1,сайт
10476,2025-04-15,C162,P06,1,сайт
10476,2025-04-15,C162,P05,3,сайт
10477,2025-04-15,C045,P17,1,маркетплейс
10478,2025-04-16,C137,P02,5,маркетплейс
10479,2025-04-16,C195,P05,1,маркетплейс
10479,2025-04-16,C195,P03,3,маркетплейс
10480,2025-04-16,C059,P14,1,сайт
10481,2025-04-17,C163,P09,3,сайт
10481,2025-04-17,C163,P06,2,сайт
10482,2025-04-17,C216,P09,6,маркетплейс
10482,2025-04-17,C216,P10,2,маркетплейс
10482,2025-04-17,C216,P11,1,маркетплейс
10483,2025-04-17,C201,P04,1,приложение
10483,2025-04-17,C201,P09,1,приложение
10484,2025-04-17,C234,P11,2,сайт
10485,2025-04-17,C207,P11,2,маркетплейс
10486,2025-04-18,C021,P04,2,маркетплейс
10487,2025-04-18,C220,P10,2,приложение
10487,2025-04-18,C220,P16,1,приложение
10488,2025-04-18,C134,P03,5,сайт
10489,2025-04-19,C195,P02,3,приложение
10490,2025-04-19,C017,P03,2,приложение
10491,2025-04-19,C030,P15,2,сайт
10491,2025-04-19,C030,P12,2,сайт
10492,2025-04-19,C057,P07,3,маркетплейс
10492,2025-04-19,C057,P06,1,маркетплейс
10492,2025-04-19,C057,P01,1,маркетплейс
10493,2025-04-20,C017,P09,1,приложение
10494,2025-04-20,C095,P05,1,сайт
10495,2025-04-20,C112,P05,1,маркетплейс
10495,2025-04-20,C112,P04,2,маркетплейс
10496,2025-04-20,C163,P18,2,сайт
10496,2025-04-20,C163,P05,1,сайт
10497,2025-04-20,C074,P03,4,маркетплейс
10497,2025-04-20,C074,P10,1,маркетплейс
10498,2025-04-21,C087,P09,1,маркетплейс
10498,2025-04-21,C087,P02,4,маркетплейс
10498,2025-04-21,C087,P05,3,маркетплейс
10499,2025-04-21,C090,P05,10,маркетплейс
10499,2025-04-21,C090,P17,1,маркетплейс
10500,2025-04-21,C171,P12,2,маркетплейс
10501,2025-04-21,C180,P15,1,сайт
10502,2025-04-21,C114,P01,1,маркетплейс
10502,2025-04-21,C114,P11,3,маркетплейс
10503,2025-04-22,C126,P01,5,сайт
10504,2025-04-22,C065,P19,2,маркетплейс
10505,2025-04-22,C030,P06,1,сайт
10506,2025-04-22,C024,P09,5,маркетплейс
10506,2025-04-22,C024,P13,1,маркетплейс
10507,2025-04-22,C216,P05,5,маркетплейс
10507,2025-04-22,C216,P01,4,маркетплейс
10507,2025-04-22,C216,P11,4,маркетплейс
10508,2025-04-23,C237,P07,1,приложение
10509,2025-04-23,C151,P02,7,приложение
10509,2025-04-23,C151,P12,2,приложение
10510,2025-04-23,C215,P05,2,маркетплейс
10510,2025-04-23,C215,P09,1,маркетплейс
10510,2025-04-23,C215,P10,1,маркетплейс
10511,2025-04-23,C195,P10,1,маркетплейс
10512,2025-04-23,C118,P16,1,маркетплейс
10513,2025-04-23,C116,P17,1,приложение
10514,2025-04-24,C149,P13,4,приложение
10515,2025-04-24,C171,P17,1,маркетплейс
10516,2025-04-24,C050,P06,2,сайт
10516,2025-04-24,C050,P04,1,сайт
10516,2025-04-24,C050,P03,2,сайт
10517,2025-04-25,C176,P03,4,приложение
10517,2025-04-25,C176,P10,1,приложение
10518,2025-04-25,C176,P13,2,сайт
10519,2025-04-26,C107,P06,2,сайт
10519,2025-04-26,C107,P05,1,сайт
10520,2025-04-26,C102,P18,1,сайт
10521,2025-04-27,C198,P09,1,приложение
10521,2025-04-27,C198,P12,1,приложение
10521,2025-04-27,C198,P17,1,приложение
10522,2025-04-27,C073,P08,1,приложение
10523,2025-04-27,C111,P12,1,сайт
10523,2025-04-27,C111,P03,2,сайт
10524,2025-04-27,C234,P08,2,приложение
10524,2025-04-27,C234,P04,1,приложение
10524,2025-04-27,C234,P13,2,приложение
10525,2025-04-27,C207,P05,2,сайт
10525,2025-04-27,C207,P19,1,сайт
10526,2025-04-27,C215,P17,1,маркетплейс
10527,2025-04-27,C085,P06,2,сайт
10528,2025-04-27,C218,P02,3,сайт
10528,2025-04-27,C218,P09,1,сайт
10529,2025-04-28,C126,P04,6,сайт
10529,2025-04-28,C126,P06,5,сайт
10530,2025-04-28,C075,P02,5,маркетплейс
10530,2025-04-28,C075,P18,1,маркетплейс
10531,2025-04-28,C102,P05,5,маркетплейс
10532,2025-04-28,C118,P02,1,сайт
10532,2025-04-28,C118,P19,2,сайт
10533,2025-04-28,C010,P05,1,маркетплейс
10533,2025-04-28,C010,P01,2,маркетплейс
10534,2025-04-28,C149,P13,3,сайт
10534,2025-04-28,C149,P03,4,сайт
10535,2025-04-28,C068,P19,2,маркетплейс
10536,2025-04-29,C021,P07,2,маркетплейс
10537,2025-04-29,C183,P07,1,маркетплейс
10537,2025-04-29,C183,P04,3,маркетплейс
10537,2025-04-29,C183,P06,1,маркетплейс
10538,2025-04-29,C176,P07,1,сайт
10539,2025-04-29,C143,P07,1,приложение
10540,2025-04-29,C160,P08,2,приложение
10540,2025-04-29,C160,P04,2,приложение
10541,2025-04-30,C160,P04,1,сайт
10542,2025-04-30,C032,P19,1,сайт
10542,2025-04-30,C032,P02,3,сайт
10543,2025-04-30,C143,P10,2,сайт
10543,2025-04-30,C143,P01,1,сайт
10544,2025-04-30,C227,P12,2,сайт
10545,2025-04-30,C137,P10,3,сайт
10546,2025-04-30,C143,P12,3,приложение
10547,2025-04-30,C190,P02,5,сайт
10548,2025-04-30,C006,P03,1,приложение
10549,2025-05-01,C087,P02,3,сайт
10549,2025-05-01,C087,P05,3,сайт
10550,2025-05-01,C033,P12,2,маркетплейс
10551,2025-05-01,C059,P16,1,приложение
10552,2025-05-01,C163,P03,1,сайт
10552,2025-05-01,C163,P06,1,сайт
10553,2025-05-01,C171,P03,2,сайт
10554,2025-05-02,C064,P01,2,приложение
10554,2025-05-02,C064,P02,1,приложение
10555,2025-05-02,C196,P01,1,маркетплейс
10555,2025-05-02,C196,P02,2,маркетплейс
10556,2025-05-02,C076,P05,5,сайт
10557,2025-05-02,C075,P13,1,маркетплейс
10557,2025-05-02,C075,P12,1,маркетплейс
10558,2025-05-03,C200,P05,1,приложение
10558,2025-05-03,C200,P11,2,приложение
10559,2025-05-03,C102,P20,1,маркетплейс
10560,2025-05-03,C130,P08,4,сайт
10561,2025-05-03,C068,P02,3,сайт
10562,2025-05-03,C132,P13,1,маркетплейс
10563,2025-05-04,C176,P01,1,приложение
10564,2025-05-04,C043,P05,5,сайт
10565,2025-05-04,C008,P12,1,сайт
10566,2025-05-04,C040,P04,2,сайт
10567,2025-05-04,C212,P16,1,маркетплейс
10568,2025-05-05,C116,P03,2,приложение
10569,2025-05-05,C081,P03,3,сайт
10570,2025-05-05,C118,P07,2,сайт
10571,2025-05-05,C074,P08,1,приложение
10572,2025-05-06,C204,P05,2,сайт
10572,2025-05-06,C204,P12,1,сайт
10573,2025-05-06,C114,P07,3,приложение
10574,2025-05-06,C091,P09,1,сайт
10575,2025-05-06,C207,P06,2,маркетплейс
10575,2025-05-06,C207,P02,2,маркетплейс
10576,2025-05-07,C220,P01,1,сайт
10577,2025-05-07,C143,P04,1,сайт
10578,2025-05-07,C178,P04,2,маркетплейс
10579,2025-05-07,C203,P04,3,маркетплейс
10580,2025-05-07,C081,P05,2,сайт
10581,2025-05-08,C010,P05,3,сайт
10582,2025-05-08,C121,P01,1,маркетплейс
10583,2025-05-09,C238,P08,1,сайт
10584,2025-05-10,C207,P05,2,приложение
10585,2025-05-10,C231,P02,2,сайт
10586,2025-05-10,C069,P05,1,сайт
10586,2025-05-10,C069,P20,1,сайт
10586,2025-05-10,C069,P06,2,сайт
10587,2025-05-10,C227,P01,1,сайт
10587,2025-05-10,C227,P10,3,сайт
10588,2025-05-10,C164,P20,1,приложение
10588,2025-05-10,C164,P08,2,приложение
10589,2025-05-10,C169,P06,2,маркетплейс
10590,2025-05-11,C075,P12,4,маркетплейс
10591,2025-05-11,C080,P13,2,маркетплейс
10591,2025-05-11,C080,P16,1,маркетплейс
10592,2025-05-11,C006,P06,1,маркетплейс
10593,2025-05-11,C090,P03,7,маркетплейс
10593,2025-05-11,C090,P13,2,маркетплейс
10594,2025-05-11,C146,P10,2,маркетплейс
10594,2025-05-11,C146,P09,2,маркетплейс
10594,2025-05-11,C146,P01,1,маркетплейс
10595,2025-05-11,C205,P09,2,приложение
10596,2025-05-11,C226,P05,2,приложение
10596,2025-05-11,C226,P06,2,приложение
10597,2025-05-12,C216,P09,5,сайт
10598,2025-05-12,C090,P02,4,маркетплейс
10599,2025-05-13,C122,P02,1,сайт
10600,2025-05-13,C122,P05,2,маркетплейс
10600,2025-05-13,C122,P12,4,маркетплейс
10601,2025-05-13,C212,P02,1,приложение
10602,2025-05-13,C138,P03,1,сайт
10602,2025-05-13,C138,P16,1,сайт
10603,2025-05-14,C217,P07,3,приложение
10604,2025-05-14,C131,P11,1,сайт
10604,2025-05-14,C131,P20,1,сайт
10605,2025-05-14,C113,P03,1,сайт
10606,2025-05-14,C167,P01,1,сайт
10607,2025-05-15,C122,P08,4,маркетплейс
10608,2025-05-15,C234,P05,1,приложение
10608,2025-05-15,C234,P04,3,приложение
10609,2025-05-15,C118,P04,2,сайт
10609,2025-05-15,C118,P05,3,сайт
10610,2025-05-15,C203,P08,2,приложение
10610,2025-05-15,C203,P01,1,приложение
10611,2025-05-15,C100,P04,1,приложение
10611,2025-05-15,C100,P09,1,приложение
10612,2025-05-16,C190,P12,3,приложение
10612,2025-05-16,C190,P04,1,приложение
10613,2025-05-16,C217,P05,3,сайт
10613,2025-05-16,C217,P11,3,сайт
10613,2025-05-16,C217,P12,2,сайт
10614,2025-05-16,C146,P08,3,сайт
10615,2025-05-16,C068,P04,1,маркетплейс
10615,2025-05-16,C068,P03,3,маркетплейс
10616,2025-05-16,C090,P02,6,сайт
10617,2025-05-17,C045,P15,4,маркетплейс
10618,2025-05-17,C118,P02,3,сайт
10618,2025-05-17,C118,P08,1,сайт
10619,2025-05-18,C122,P02,1,приложение
10619,2025-05-18,C122,P19,2,приложение
10620,2025-05-18,C178,P03,3,сайт
10620,2025-05-18,C178,P13,3,сайт
10621,2025-05-19,C173,P12,2,маркетплейс
10622,2025-05-19,C216,P10,1,сайт
10623,2025-05-19,C102,P12,2,маркетплейс
10623,2025-05-19,C102,P07,2,маркетплейс
10623,2025-05-19,C102,P06,5,маркетплейс
10624,2025-05-19,C138,P20,1,приложение
10625,2025-05-20,C030,P04,1,маркетплейс
10626,2025-05-21,C066,P03,2,сайт
10627,2025-05-21,C178,P05,3,приложение
10628,2025-05-21,C045,P02,1,приложение
10628,2025-05-21,C045,P13,1,приложение
10629,2025-05-21,C160,P05,3,приложение
10629,2025-05-21,C160,P04,1,приложение
10630,2025-05-21,C138,P03,3,сайт
10631,2025-05-22,C158,P02,1,маркетплейс
10632,2025-05-22,C079,P07,1,сайт
10632,2025-05-22,C079,P06,3,сайт
10633,2025-05-22,C041,P05,3,сайт
10634,2025-05-22,C137,P10,2,приложение
10635,2025-05-22,C087,P11,1,маркетплейс
10635,2025-05-22,C087,P03,1,маркетплейс
10636,2025-05-22,C097,P06,1,сайт
10637,2025-05-23,C160,P11,1,маркетплейс
10638,2025-05-23,C159,P12,1,сайт
10638,2025-05-23,C159,P19,2,сайт
10639,2025-05-23,C176,P18,1,сайт
10640,2025-05-24,C088,P03,3,маркетплейс
10640,2025-05-24,C088,P18,1,маркетплейс
10641,2025-05-24,C220,P07,1,сайт
10641,2025-05-24,C220,P02,1,сайт
10642,2025-05-24,C108,P02,3,сайт
10642,2025-05-24,C108,P09,6,сайт
10643,2025-05-24,C218,P09,3,маркетплейс
10643,2025-05-24,C218,P04,2,маркетплейс
10644,2025-05-24,C172,P08,4,сайт
10644,2025-05-24,C172,P03,1,сайт
10645,2025-05-24,C076,P16,1,сайт
10645,2025-05-24,C076,P03,6,сайт
10646,2025-05-24,C221,P13,1,сайт
10647,2025-05-24,C139,P01,1,маркетплейс
10648,2025-05-25,C050,P01,1,сайт
10649,2025-05-25,C232,P15,1,сайт
10650,2025-05-25,C194,P04,1,сайт
10650,2025-05-25,C194,P07,2,сайт
10651,2025-05-25,C033,P04,1,сайт
10652,2025-05-26,C193,P10,3,сайт
10652,2025-05-26,C193,P01,1,сайт
10653,2025-05-26,C015,P07,3,сайт
10654,2025-05-26,C127,P02,3,приложение
10655,2025-05-26,C135,P14,1,приложение
10656,2025-05-26,C043,P05,1,сайт
10656,2025-05-26,C043,P01,1,сайт
10657,2025-05-26,C198,P02,3,маркетплейс
10657,2025-05-26,C198,P17,1,маркетплейс
10657,2025-05-26,C198,P10,3,маркетплейс
10658,2025-05-26,C146,P14,2,сайт
10659,2025-05-27,C057,P06,1,сайт
10659,2025-05-27,C057,P05,3,сайт
10660,2025-05-27,C105,P05,1,приложение
10661,2025-05-27,C023,P01,1,приложение
10661,2025-05-27,C023,P03,4,приложение
10661,2025-05-27,C023,P09,3,приложение
10662,2025-05-27,C118,P10,1,приложение
10663,2025-05-27,C145,P08,2,сайт
10663,2025-05-27,C145,P05,2,сайт
10664,2025-05-27,C068,P15,1,сайт
10664,2025-05-27,C068,P02,1,сайт
10665,2025-05-28,C190,P01,1,сайт
10666,2025-05-28,C209,P06,1,приложение
10667,2025-05-28,C118,P06,1,сайт
10667,2025-05-28,C118,P05,2,сайт
10668,2025-05-28,C196,P03,1,маркетплейс
10668,2025-05-28,C196,P09,5,маркетплейс
10669,2025-05-28,C126,P07,7,маркетплейс
10670,2025-05-29,C207,P06,2,приложение
10671,2025-05-29,C216,P06,5,приложение
10672,2025-05-29,C176,P03,1,сайт
10672,2025-05-29,C176,P08,2,сайт
10672,2025-05-29,C176,P07,1,сайт
10673,2025-05-30,C053,P11,2,приложение
10673,2025-05-30,C053,P06,2,приложение
10674,2025-05-30,C078,P03,1,приложение
10675,2025-05-30,C107,P11,2,маркетплейс
10675,2025-05-30,C107,P09,1,маркетплейс
10676,2025-05-30,C121,P04,1,сайт
10677,2025-05-30,C116,P09,4,сайт
10678,2025-05-31,C046,P13,1,приложение
10678,2025-05-31,C046,P11,3,приложение
10678,2025-05-31,C046,P10,1,приложение
10679,2025-05-31,C014,P07,2,сайт
10679,2025-05-31,C014,P10,1,сайт
10680,2025-06-01,C111,P04,2,приложение
10681,2025-06-01,C180,P08,2,сайт
10681,2025-06-01,C180,P16,1,сайт
10682,2025-06-01,C132,P03,3,маркетплейс
10683,2025-06-01,C174,P12,1,сайт
10683,2025-06-01,C174,P09,1,сайт
10684,2025-06-01,C171,P08,1,сайт
10685,2025-06-01,C153,P03,1,маркетплейс
10685,2025-06-01,C153,P05,2,маркетплейс
10686,2025-06-02,C035,P04,2,сайт
10686,2025-06-02,C035,P05,2,сайт
10687,2025-06-02,C116,P05,3,сайт
10688,2025-06-02,C067,P03,1,сайт
10688,2025-06-02,C067,P11,2,сайт
10689,2025-06-02,C126,P13,1,приложение
10690,2025-06-03,C233,P05,2,сайт
10690,2025-06-03,C233,P12,1,сайт
10691,2025-06-03,C161,P02,4,маркетплейс
10692,2025-06-03,C030,P04,2,сайт
10693,2025-06-03,C148,P02,3,сайт
10693,2025-06-03,C148,P03,2,сайт
10693,2025-06-03,C148,P18,2,сайт
10694,2025-06-03,C084,P04,1,сайт
10695,2025-06-03,C145,P11,1,приложение
10695,2025-06-03,C145,P07,2,приложение
10696,2025-06-03,C081,P05,1,приложение
10697,2025-06-03,C151,P09,6,сайт
10698,2025-06-04,C038,P02,2,приложение
10699,2025-06-04,C118,P13,2,сайт
10700,2025-06-04,C068,P01,1,сайт
10700,2025-06-04,C068,P13,3,сайт
10701,2025-06-05,C043,P01,1,приложение
10701,2025-06-05,C043,P13,5,приложение
10702,2025-06-05,C223,P05,2,маркетплейс
10702,2025-06-05,C223,P01,2,маркетплейс
10703,2025-06-05,C019,P20,1,приложение
10703,2025-06-05,C019,P10,1,приложение
10704,2025-06-05,C005,P02,2,маркетплейс
10704,2025-06-05,C005,P04,2,маркетплейс
10704,2025-06-05,C005,P07,3,маркетплейс
10705,2025-06-05,C138,P12,1,приложение
10705,2025-06-05,C138,P08,2,приложение
10706,2025-06-05,C097,P06,1,сайт
10706,2025-06-05,C097,P05,2,сайт
10706,2025-06-05,C097,P10,2,сайт
10707,2025-06-06,C162,P05,1,сайт
10707,2025-06-06,C162,P03,3,сайт
10707,2025-06-06,C162,P01,1,сайт
10708,2025-06-06,C067,P11,1,сайт
10709,2025-06-06,C234,P08,2,сайт
10709,2025-06-06,C234,P02,1,сайт
10710,2025-06-06,C006,P04,1,приложение
10710,2025-06-06,C006,P19,1,приложение
10710,2025-06-06,C006,P02,2,приложение
10711,2025-06-06,C172,P11,1,маркетплейс
10711,2025-06-06,C172,P02,2,маркетплейс
10712,2025-06-06,C148,P06,5,приложение
10713,2025-06-07,C081,P01,1,маркетплейс
10714,2025-06-07,C203,P02,3,приложение
10715,2025-06-07,C078,P05,2,сайт
10716,2025-06-07,C081,P13,2,сайт
10717,2025-06-08,C219,P05,3,приложение
10717,2025-06-08,C219,P13,1,приложение
10718,2025-06-08,C147,P09,2,маркетплейс
10718,2025-06-08,C147,P08,2,маркетплейс
10719,2025-06-08,C045,P03,1,приложение
10719,2025-06-08,C045,P06,2,приложение
10720,2025-06-08,C118,P01,1,приложение
10721,2025-06-08,C118,P02,4,сайт
10722,2025-06-09,C167,P11,3,маркетплейс
10722,2025-06-09,C167,P05,4,маркетплейс
10723,2025-06-09,C031,P02,1,маркетплейс
10723,2025-06-09,C031,P12,1,маркетплейс
10724,2025-06-09,C087,P05,3,сайт
10725,2025-06-09,C118,P02,3,приложение
10726,2025-06-10,C092,P02,2,сайт
10726,2025-06-10,C092,P13,2,сайт
10727,2025-06-10,C203,P05,2,приложение
10728,2025-06-10,C030,P05,3,сайт
10728,2025-06-10,C030,P07,3,сайт
10729,2025-06-10,C196,P09,4,сайт
10730,2025-06-10,C190,P06,2,сайт
10731,2025-06-11,C011,P10,3,маркетплейс
10731,2025-06-11,C011,P18,1,маркетплейс
10732,2025-06-12,C111,P18,2,маркетплейс
10733,2025-06-12,C091,P05,2,приложение
10734,2025-06-12,C183,P05,1,маркетплейс
10734,2025-06-12,C183,P11,1,маркетплейс
10735,2025-06-13,C170,P06,3,приложение
10736,2025-06-13,C173,P01,1,сайт
10736,2025-06-13,C173,P10,2,сайт
10736,2025-06-13,C173,P08,2,сайт
10737,2025-06-13,C171,P08,2,приложение
10737,2025-06-13,C171,P07,1,приложение
10738,2025-06-13,C172,P09,1,сайт
10739,2025-06-14,C196,P02,2,маркетплейс
10739,2025-06-14,C196,P01,1,маркетплейс
10740,2025-06-14,C216,P01,3,сайт
10740,2025-06-14,C216,P20,2,сайт
10741,2025-06-14,C184,P03,3,сайт
10741,2025-06-14,C184,P09,2,сайт
10742,2025-06-14,C190,P14,1,маркетплейс
10743,2025-06-14,C167,P05,3,сайт
10744,2025-06-14,C143,P19,3,приложение
10744,2025-06-14,C143,P04,2,приложение
10745,2025-06-15,C066,P06,1,приложение
10746,2025-06-15,C142,P10,3,сайт
10747,2025-06-15,C034,P01,1,приложение
10748,2025-06-16,C116,P10,2,сайт
10748,2025-06-16,C116,P07,1,сайт
10749,2025-06-16,C035,P02,3,приложение
10750,2025-06-16,C041,P12,2,маркетплейс
10751,2025-06-16,C183,P10,2,маркетплейс
10752,2025-06-17,C012,P07,2,сайт
10753,2025-06-17,C139,P02,1,сайт
10753,2025-06-17,C139,P18,1,сайт
10754,2025-06-17,C058,P01,1,приложение
10755,2025-06-17,C034,P01,1,маркетплейс
10756,2025-06-18,C176,P01,2,маркетплейс
10757,2025-06-18,C032,P12,3,приложение
10758,2025-06-18,C196,P01,2,приложение
10758,2025-06-18,C196,P11,4,приложение
10759,2025-06-19,C205,P14,2,сайт
10760,2025-06-19,C023,P05,1,приложение
10761,2025-06-19,C204,P01,1,приложение
10762,2025-06-19,C074,P08,1,сайт
10763,2025-06-19,C122,P01,1,сайт
10764,2025-06-19,C030,P06,1,маркетплейс
10765,2025-06-19,C169,P09,2,сайт
10765,2025-06-19,C169,P04,2,сайт
10766,2025-06-20,C151,P12,1,приложение
10767,2025-06-20,C208,P04,1,маркетплейс
10768,2025-06-20,C094,P14,2,приложение
10769,2025-06-20,C102,P01,1,сайт
10769,2025-06-20,C102,P04,1,сайт
10770,2025-06-20,C119,P05,2,сайт
10771,2025-06-21,C101,P01,4,маркетплейс
10772,2025-06-21,C064,P11,4,сайт
10773,2025-06-21,C064,P20,1,сайт
10774,2025-06-21,C167,P03,1,маркетплейс
10774,2025-06-21,C167,P07,3,маркетплейс
10775,2025-06-21,C207,P09,2,сайт
10775,2025-06-21,C207,P12,2,сайт
10775,2025-06-21,C207,P02,1,сайт
10776,2025-06-21,C059,P03,2,приложение
10777,2025-06-22,C025,P08,1,сайт
10778,2025-06-22,C188,P17,1,маркетплейс
10778,2025-06-22,C188,P07,3,маркетплейс
10779,2025-06-22,C164,P07,2,сайт
10780,2025-06-22,C077,P07,2,сайт
10780,2025-06-22,C077,P05,3,сайт
10780,2025-06-22,C077,P13,3,сайт
10781,2025-06-22,C203,P13,1,сайт
10781,2025-06-22,C203,P06,2,сайт
10782,2025-06-22,C140,P10,2,приложение
10783,2025-06-22,C208,P04,1,маркетплейс
10784,2025-06-22,C052,P02,1,маркетплейс
10785,2025-06-22,C170,P10,2,маркетплейс
10786,2025-06-23,C118,P06,3,приложение
10787,2025-06-23,C139,P04,1,маркетплейс
10787,2025-06-23,C139,P01,1,маркетплейс
10788,2025-06-24,C081,P05,1,маркетплейс
10788,2025-06-24,C081,P15,1,маркетплейс
10789,2025-06-24,C190,P03,2,приложение
10789,2025-06-24,C190,P10,2,приложение
10790,2025-06-24,C166,P05,1,приложение
10790,2025-06-24,C166,P09,1,приложение
10791,2025-06-24,C114,P09,2,сайт
10791,2025-06-24,C114,P03,4,сайт
10792,2025-06-24,C122,P03,2,сайт
10792,2025-06-24,C122,P07,1,сайт
10793,2025-06-24,C234,P18,1,сайт
10793,2025-06-24,C234,P09,1,сайт
10794,2025-06-24,C167,P02,1,сайт
10795,2025-06-24,C194,P13,1,сайт
10796,2025-06-24,C102,P03,1,приложение
10797,2025-06-25,C107,P08,3,сайт
10797,2025-06-25,C107,P03,3,сайт
10798,2025-06-26,C155,P04,1,маркетплейс
10799,2025-06-26,C035,P03,3,маркетплейс
10799,2025-06-26,C035,P12,2,маркетплейс
10800,2025-06-26,C202,P02,3,маркетплейс
10801,2025-06-26,C226,P20,1,сайт
10802,2025-06-27,C124,P12,2,приложение
10802,2025-06-27,C124,P10,2,приложение
10803,2025-06-27,C187,P08,3,маркетплейс
10804,2025-06-28,C208,P03,1,сайт
10805,2025-06-28,C170,P05,3,приложение
10805,2025-06-28,C170,P11,2,приложение
10806,2025-06-28,C023,P16,1,приложение
10806,2025-06-28,C023,P04,1,приложение
10806,2025-06-28,C023,P13,2,приложение
10807,2025-06-28,C151,P14,1,приложение
10808,2025-06-28,C028,P14,2,приложение
10808,2025-06-28,C028,P03,2,приложение
10809,2025-06-29,C134,P08,7,приложение
10810,2025-06-29,C203,P11,1,сайт
10810,2025-06-29,C203,P13,1,сайт
10810,2025-06-29,C203,P01,2,сайт
10811,2025-06-29,C121,P05,1,приложение
10811,2025-06-29,C121,P01,1,приложение
10812,2025-06-29,C140,P09,4,маркетплейс
10812,2025-06-29,C140,P10,3,маркетплейс
10812,2025-06-29,C140,P13,1,маркетплейс
10813,2025-06-29,C087,P04,2,сайт
10814,2025-06-29,C122,P03,4,маркетплейс
10814,2025-06-29,C122,P14,2,маркетплейс
10815,2025-06-29,C111,P03,1,сайт
10815,2025-06-29,C111,P09,2,сайт
10816,2025-06-30,C212,P05,3,сайт
10817,2025-07-01,C023,P06,2,маркетплейс
10817,2025-07-01,C023,P14,1,маркетплейс
10818,2025-07-01,C068,P02,2,приложение
10819,2025-07-01,C195,P17,2,сайт
10820,2025-07-03,C203,P09,1,маркетплейс
10821,2025-07-03,C148,P19,2,сайт
10821,2025-07-03,C148,P12,4,сайт
10822,2025-07-03,C099,P03,1,приложение
10822,2025-07-03,C099,P11,2,приложение
10823,2025-07-04,C167,P14,2,сайт
10824,2025-07-04,C192,P11,1,сайт
10825,2025-07-04,C043,P13,1,маркетплейс
10826,2025-07-04,C067,P10,2,сайт
10826,2025-07-04,C067,P09,1,сайт
10827,2025-07-05,C066,P11,3,сайт
10828,2025-07-05,C138,P06,5,сайт
10829,2025-07-05,C181,P01,1,приложение
10830,2025-07-05,C111,P12,4,сайт
10830,2025-07-05,C111,P04,1,сайт
10831,2025-07-06,C070,P19,4,сайт
10832,2025-07-06,C038,P13,1,приложение
10833,2025-07-06,C016,P08,2,маркетплейс
10833,2025-07-06,C016,P03,2,маркетплейс
10833,2025-07-06,C016,P19,1,маркетплейс
10834,2025-07-06,C081,P07,4,маркетплейс
10835,2025-07-06,C203,P05,1,сайт
10836,2025-07-06,C069,P08,2,маркетплейс
10837,2025-07-06,C207,P05,3,сайт
10838,2025-07-06,C025,P05,4,сайт
10839,2025-07-06,C159,P15,1,маркетплейс
10840,2025-07-07,C220,P05,2,маркетплейс
10841,2025-07-07,C053,P03,2,маркетплейс
10842,2025-07-08,C101,P10,3,приложение
10843,2025-07-08,C064,P01,1,сайт
10844,2025-07-08,C202,P13,1,сайт
10845,2025-07-08,C134,P02,7,сайт
10846,2025-07-08,C147,P10,1,приложение
10846,2025-07-08,C147,P03,2,приложение
10847,2025-07-10,C011,P13,1,приложение
10847,2025-07-10,C011,P07,1,приложение
10847,2025-07-10,C011,P09,3,приложение
10848,2025-07-10,C059,P02,1,приложение
10849,2025-07-10,C097,P15,3,маркетплейс
10849,2025-07-10,C097,P11,2,маркетплейс
10850,2025-07-11,C023,P07,1,приложение
10850,2025-07-11,C023,P16,3,приложение
10851,2025-07-11,C121,P02,2,маркетплейс
10851,2025-07-11,C121,P09,4,маркетплейс
10852,2025-07-12,C234,P11,1,приложение
10853,2025-07-12,C092,P10,2,маркетплейс
10854,2025-07-12,C212,P04,1,приложение
10855,2025-07-12,C208,P03,1,маркетплейс
10855,2025-07-12,C208,P05,3,маркетплейс
10856,2025-07-12,C002,P04,1,приложение
10857,2025-07-13,C033,P16,1,сайт
10858,2025-07-13,C024,P03,6,сайт
10859,2025-07-13,C107,P12,2,маркетплейс
10859,2025-07-13,C107,P17,1,маркетплейс
10860,2025-07-14,C038,P10,2,сайт
10860,2025-07-14,C038,P09,2,сайт
10861,2025-07-14,C023,P01,2,маркетплейс
10862,2025-07-14,C064,P12,2,маркетплейс
10863,2025-07-15,C121,P14,4,маркетплейс
10864,2025-07-15,C066,P17,1,сайт
10864,2025-07-15,C066,P01,1,сайт
10864,2025-07-15,C066,P02,2,сайт
10865,2025-07-15,C005,P03,2,сайт
10865,2025-07-15,C005,P09,2,сайт
10866,2025-07-15,C171,P11,2,приложение
10866,2025-07-15,C171,P06,2,приложение
10867,2025-07-15,C220,P13,2,маркетплейс
10868,2025-07-16,C017,P01,1,приложение
10869,2025-07-16,C078,P08,2,сайт
10869,2025-07-16,C078,P10,4,сайт
10870,2025-07-16,C208,P02,1,сайт
10870,2025-07-16,C208,P06,3,сайт
10871,2025-07-17,C170,P17,1,сайт
10872,2025-07-17,C228,P10,1,сайт
10873,2025-07-17,C176,P10,3,сайт
10873,2025-07-17,C176,P12,3,сайт
10874,2025-07-17,C059,P09,1,маркетплейс
10875,2025-07-17,C171,P05,2,маркетплейс
10876,2025-07-17,C176,P02,2,сайт
10877,2025-07-18,C139,P18,2,приложение
10877,2025-07-18,C139,P12,6,приложение
10878,2025-07-19,C143,P09,1,приложение
10878,2025-07-19,C143,P12,2,приложение
10879,2025-07-19,C064,P08,4,маркетплейс
10880,2025-07-19,C175,P01,5,сайт
10880,2025-07-19,C175,P05,5,сайт
10881,2025-07-20,C209,P02,2,сайт
10882,2025-07-20,C183,P12,3,сайт
10883,2025-07-20,C048,P03,7,приложение
10884,2025-07-21,C100,P05,1,приложение
10884,2025-07-21,C100,P13,2,приложение
10885,2025-07-22,C176,P19,1,приложение
10885,2025-07-22,C176,P04,2,приложение
10885,2025-07-22,C176,P02,1,приложение
10886,2025-07-23,C045,P08,2,сайт
10887,2025-07-23,C006,P06,2,приложение
10887,2025-07-23,C006,P20,2,приложение
10888,2025-07-23,C151,P03,5,маркетплейс
10889,2025-07-24,C132,P06,4,сайт
10890,2025-07-24,C026,P01,2,сайт
10890,2025-07-24,C026,P03,5,сайт
10891,2025-07-24,C162,P09,1,приложение
10892,2025-07-25,C091,P04,1,маркетплейс
10892,2025-07-25,C091,P11,2,маркетплейс
10893,2025-07-25,C121,P18,2,приложение
10894,2025-07-26,C023,P05,3,приложение
10895,2025-07-26,C111,P04,1,маркетплейс
10896,2025-07-26,C121,P01,1,приложение
10897,2025-07-27,C112,P07,1,приложение
10898,2025-07-27,C118,P01,2,сайт
10899,2025-07-27,C057,P10,1,приложение
10900,2025-07-27,C207,P01,1,приложение
10900,2025-07-27,C207,P19,2,приложение
10900,2025-07-27,C207,P09,1,приложение
10901,2025-07-27,C083,P01,4,приложение
10902,2025-07-28,C207,P11,5,сайт
10903,2025-07-28,C107,P07,2,сайт
10903,2025-07-28,C107,P08,4,сайт
10904,2025-07-29,C230,P07,1,сайт
10905,2025-07-30,C135,P08,1,сайт
10906,2025-07-31,C063,P11,1,приложение
10907,2025-07-31,C203,P09,1,сайт
10907,2025-07-31,C203,P01,1,сайт
10908,2025-08-01,C192,P09,3,приложение
10909,2025-08-01,C067,P08,1,сайт
10909,2025-08-01,C067,P14,1,сайт
10910,2025-08-02,C052,P06,2,приложение
10911,2025-08-02,C121,P06,3,маркетплейс
10912,2025-08-02,C121,P05,3,сайт
10913,2025-08-02,C219,P04,1,сайт
10914,2025-08-02,C237,P02,2,приложение
10914,2025-08-02,C237,P03,1,приложение
10915,2025-08-02,C001,P12,2,сайт
10916,2025-08-03,C198,P08,3,сайт
10917,2025-08-03,C207,P04,1,маркетплейс
10917,2025-08-03,C207,P05,1,маркетплейс
10918,2025-08-03,C193,P03,1,сайт
10919,2025-08-03,C045,P13,1,сайт
10919,2025-08-03,C045,P09,1,сайт
10920,2025-08-04,C167,P02,2,сайт
10920,2025-08-04,C167,P03,3,сайт
10921,2025-08-05,C190,P06,2,приложение
10921,2025-08-05,C190,P13,2,приложение
10921,2025-08-05,C190,P05,2,приложение
10922,2025-08-05,C176,P14,2,приложение
10923,2025-08-06,C203,P05,2,сайт
10924,2025-08-06,C067,P05,1,сайт
10924,2025-08-06,C067,P08,5,сайт
10925,2025-08-06,C063,P16,2,приложение
10925,2025-08-06,C063,P11,4,приложение
10926,2025-08-06,C131,P19,2,сайт
10927,2025-08-06,C053,P02,2,приложение
10928,2025-08-06,C108,P08,6,маркетплейс
10929,2025-08-06,C122,P08,1,приложение
10930,2025-08-08,C176,P04,1,сайт
10930,2025-08-08,C176,P01,1,сайт
10931,2025-08-09,C233,P09,3,маркетплейс
10932,2025-08-09,C137,P07,5,маркетплейс
10932,2025-08-09,C137,P01,5,маркетплейс
10933,2025-08-09,C079,P04,1,приложение
10934,2025-08-10,C205,P05,1,сайт
10935,2025-08-10,C140,P01,6,сайт
10936,2025-08-10,C235,P12,2,приложение
10936,2025-08-10,C235,P11,1,приложение
10937,2025-08-10,C033,P13,2,маркетплейс
10937,2025-08-10,C033,P11,2,маркетплейс
10938,2025-08-10,C074,P02,3,сайт
10938,2025-08-10,C074,P05,2,сайт
10939,2025-08-11,C031,P12,4,сайт
10940,2025-08-11,C216,P10,1,маркетплейс
10941,2025-08-11,C171,P14,1,приложение
10941,2025-08-11,C171,P15,1,приложение
10941,2025-08-11,C171,P03,1,приложение
10942,2025-08-11,C164,P08,2,маркетплейс
10943,2025-08-11,C151,P06,5,приложение
10944,2025-08-12,C111,P09,2,сайт
10945,2025-08-12,C015,P05,3,сайт
10945,2025-08-12,C015,P13,1,сайт
10946,2025-08-12,C187,P02,2,сайт
10947,2025-08-14,C151,P14,2,сайт
10947,2025-08-14,C151,P19,1,сайт
10948,2025-08-15,C041,P04,1,сайт
10949,2025-08-15,C134,P02,8,сайт
10949,2025-08-15,C134,P09,4,сайт
10950,2025-08-16,C123,P14,1,сайт
10950,2025-08-16,C123,P01,1,сайт
10951,2025-08-16,C234,P06,2,приложение
10951,2025-08-16,C234,P03,1,приложение
10952,2025-08-16,C064,P08,2,маркетплейс
10952,2025-08-16,C064,P02,3,маркетплейс
10953,2025-08-16,C068,P05,3,маркетплейс
10953,2025-08-16,C068,P03,1,маркетплейс
10954,2025-08-16,C135,P08,2,приложение
10955,2025-08-17,C164,P07,3,сайт
10956,2025-08-17,C021,P04,2,маркетплейс
10957,2025-08-17,C224,P03,9,приложение
10958,2025-08-17,C195,P08,1,сайт
10958,2025-08-17,C195,P06,4,сайт
10959,2025-08-17,C053,P03,1,приложение
10960,2025-08-17,C075,P08,7,сайт
10960,2025-08-17,C075,P13,3,сайт
10960,2025-08-17,C075,P07,6,сайт
10961,2025-08-19,C014,P08,2,сайт
10962,2025-08-19,C038,P04,1,маркетплейс
10963,2025-08-20,C024,P11,4,сайт
10963,2025-08-20,C024,P02,7,сайт
10964,2025-08-20,C127,P06,2,сайт
10964,2025-08-20,C127,P07,2,сайт
10965,2025-08-20,C122,P04,1,сайт
10966,2025-08-21,C134,P14,2,маркетплейс
10967,2025-08-21,C052,P06,2,сайт
10967,2025-08-21,C052,P02,2,сайт
10968,2025-08-21,C200,P02,1,сайт
10968,2025-08-21,C200,P19,1,сайт
10969,2025-08-22,C087,P12,1,сайт
10970,2025-08-22,C146,P15,2,сайт
10970,2025-08-22,C146,P04,1,сайт
10970,2025-08-22,C146,P05,1,сайт
10971,2025-08-22,C132,P12,2,сайт
10971,2025-08-22,C132,P14,2,сайт
10972,2025-08-22,C209,P07,2,сайт
10973,2025-08-22,C142,P11,2,сайт
10974,2025-08-23,C009,P01,1,сайт
10975,2025-08-23,C006,P10,2,приложение
10976,2025-08-23,C167,P08,1,приложение
10976,2025-08-23,C167,P09,1,приложение
10977,2025-08-24,C221,P20,1,приложение
10977,2025-08-24,C221,P03,1,приложение
10978,2025-08-24,C176,P09,1,маркетплейс
10979,2025-08-25,C164,P01,1,сайт
10979,2025-08-25,C164,P16,1,сайт
10980,2025-08-25,C128,P05,3,маркетплейс
10981,2025-08-26,C118,P01,2,сайт
10981,2025-08-26,C118,P15,1,сайт
10982,2025-08-26,C196,P11,1,приложение
10983,2025-08-26,C069,P05,4,сайт
10983,2025-08-26,C069,P02,1,сайт
10983,2025-08-26,C069,P15,1,сайт
10984,2025-08-26,C092,P05,2,сайт
10984,2025-08-26,C092,P09,2,сайт
10985,2025-08-27,C059,P07,1,маркетплейс
10985,2025-08-27,C059,P08,2,маркетплейс
10986,2025-08-27,C107,P14,2,приложение
10987,2025-08-27,C151,P12,5,маркетплейс
10988,2025-08-27,C114,P05,2,маркетплейс
10988,2025-08-27,C114,P03,2,маркетплейс
10989,2025-08-28,C190,P08,1,маркетплейс
10990,2025-08-28,C215,P03,2,сайт
10991,2025-08-29,C030,P10,2,сайт
10991,2025-08-29,C030,P08,3,сайт
10992,2025-08-29,C138,P02,2,маркетплейс
10993,2025-08-30,C137,P05,7,приложение
10993,2025-08-30,C137,P04,6,приложение
10994,2025-08-30,C118,P01,1,приложение
10994,2025-08-30,C118,P06,1,приложение
10995,2025-08-30,C221,P08,4,приложение
10995,2025-08-30,C221,P02,1,приложение
10996,2025-08-30,C139,P03,1,приложение
10996,2025-08-30,C139,P01,1,приложение
10997,2025-08-30,C102,P07,1,сайт
10998,2025-08-31,C158,P17,1,маркетплейс
10999,2025-08-31,C122,P04,2,сайт
10999,2025-08-31,C122,P03,1,сайт
11000,2025-08-31,C169,P01,1,сайт
11000,2025-08-31,C169,P02,3,сайт
11001,2025-08-31,C161,P09,5,приложение
11001,2025-08-31,C161,P06,6,приложение
11002,2025-08-31,C019,P03,4,приложение
11002,2025-08-31,C019,P02,1,приложение
11003,2025-08-31,C221,P07,2,сайт
11003,2025-08-31,C221,P10,1,сайт
11004,2025-09-01,C069,P04,1,маркетплейс
11004,2025-09-01,C069,P15,1,маркетплейс
11005,2025-09-01,C017,P03,2,приложение
11006,2025-09-01,C226,P07,3,маркетплейс
11006,2025-09-01,C226,P13,2,маркетплейс
11007,2025-09-01,C001,P12,1,маркетплейс
11007,2025-09-01,C001,P09,2,маркетплейс
11008,2025-09-02,C051,P11,2,сайт
11008,2025-09-02,C051,P19,1,сайт
11009,2025-09-02,C208,P08,2,приложение
11009,2025-09-02,C208,P20,1,приложение
11010,2025-09-02,C107,P09,1,сайт
11011,2025-09-02,C149,P04,2,сайт
11011,2025-09-02,C149,P06,5,сайт
11012,2025-09-03,C220,P01,1,приложение
11012,2025-09-03,C220,P05,1,приложение
11013,2025-09-03,C076,P02,7,приложение
11013,2025-09-03,C076,P01,5,приложение
11013,2025-09-03,C076,P10,1,приложение
11014,2025-09-03,C119,P12,1,маркетплейс
11014,2025-09-03,C119,P02,1,маркетплейс
11015,2025-09-03,C023,P09,2,сайт
11015,2025-09-03,C023,P05,1,сайт
11016,2025-09-03,C085,P05,1,маркетплейс
11016,2025-09-03,C085,P03,2,маркетплейс
11017,2025-09-04,C115,P08,1,маркетплейс
11017,2025-09-04,C115,P17,1,маркетплейс
11018,2025-09-04,C181,P08,2,маркетплейс
11018,2025-09-04,C181,P05,2,маркетплейс
11019,2025-09-04,C043,P02,1,сайт
11019,2025-09-04,C043,P04,2,сайт
11019,2025-09-04,C043,P05,2,сайт
11020,2025-09-05,C117,P03,2,сайт
11020,2025-09-05,C117,P01,1,сайт
11021,2025-09-05,C147,P04,1,сайт
11021,2025-09-05,C147,P17,1,сайт
11021,2025-09-05,C147,P02,3,сайт
11022,2025-09-05,C124,P02,7,сайт
11023,2025-09-05,C109,P05,6,сайт
11024,2025-09-05,C128,P20,1,приложение
11024,2025-09-05,C128,P08,3,приложение
11025,2025-09-07,C079,P19,2,сайт
11025,2025-09-07,C079,P13,2,сайт
11026,2025-09-07,C220,P04,1,приложение
11027,2025-09-07,C216,P02,6,сайт
11028,2025-09-07,C209,P09,2,сайт
11029,2025-09-07,C147,P09,1,приложение
11030,2025-09-08,C013,P12,2,сайт
11030,2025-09-08,C013,P07,2,сайт
11031,2025-09-08,C235,P04,1,сайт
11032,2025-09-08,C121,P01,1,приложение
11033,2025-09-09,C024,P01,4,приложение
11034,2025-09-09,C170,P04,2,приложение
11035,2025-09-09,C132,P04,1,маркетплейс
11036,2025-09-10,C135,P16,1,приложение
11036,2025-09-10,C135,P02,1,приложение
11037,2025-09-10,C068,P09,2,приложение
11037,2025-09-10,C068,P13,1,приложение
11037,2025-09-10,C068,P04,1,приложение
11038,2025-09-10,C146,P12,1,сайт
11038,2025-09-10,C146,P07,5,сайт
11039,2025-09-11,C140,P05,6,приложение
11039,2025-09-11,C140,P11,1,приложение
11040,2025-09-11,C026,P09,3,сайт
11040,2025-09-11,C026,P01,1,сайт
11041,2025-09-12,C198,P02,1,сайт
11041,2025-09-12,C198,P09,2,сайт
11042,2025-09-12,C029,P01,1,приложение
11043,2025-09-12,C078,P04,2,сайт
11043,2025-09-12,C078,P08,1,сайт
11044,2025-09-13,C002,P07,1,сайт
11044,2025-09-13,C002,P09,2,сайт
11045,2025-09-13,C121,P04,1,маркетплейс
11045,2025-09-13,C121,P03,3,маркетплейс
11045,2025-09-13,C121,P05,1,маркетплейс
11046,2025-09-13,C217,P07,3,сайт
11047,2025-09-14,C079,P02,3,маркетплейс
11047,2025-09-14,C079,P10,2,маркетплейс
11047,2025-09-14,C079,P18,1,маркетплейс
11048,2025-09-14,C102,P02,1,маркетплейс
11049,2025-09-14,C030,P07,1,сайт
11050,2025-09-14,C099,P12,4,приложение
11050,2025-09-14,C099,P11,1,приложение
11051,2025-09-14,C153,P10,1,приложение
11052,2025-09-15,C083,P04,5,маркетплейс
11053,2025-09-16,C128,P06,1,сайт
11053,2025-09-16,C128,P07,4,сайт
11054,2025-09-16,C122,P06,3,сайт
11054,2025-09-16,C122,P12,8,сайт
11055,2025-09-16,C100,P04,2,сайт
11055,2025-09-16,C100,P20,1,сайт
11056,2025-09-16,C208,P02,1,сайт
11057,2025-09-17,C192,P11,2,сайт
11057,2025-09-17,C192,P05,2,сайт
11058,2025-09-17,C076,P08,4,приложение
11058,2025-09-17,C076,P14,1,приложение
11059,2025-09-17,C138,P19,3,маркетплейс
11060,2025-09-17,C170,P12,1,маркетплейс
11061,2025-09-17,C097,P10,1,сайт
11061,2025-09-17,C097,P12,1,сайт
11061,2025-09-17,C097,P11,2,сайт
11062,2025-09-17,C138,P11,2,сайт
11062,2025-09-17,C138,P08,2,сайт
11063,2025-09-17,C120,P13,2,приложение
11063,2025-09-17,C120,P09,1,приложение
11064,2025-09-18,C111,P06,3,приложение
11065,2025-09-18,C116,P01,1,сайт
11066,2025-09-18,C211,P13,1,сайт
11067,2025-09-18,C095,P03,1,сайт
11067,2025-09-18,C095,P02,2,сайт
11068,2025-09-18,C097,P12,1,сайт
11069,2025-09-19,C171,P12,2,сайт
11070,2025-09-19,C151,P04,4,сайт
11071,2025-09-19,C061,P08,1,приложение
11071,2025-09-19,C061,P05,2,приложение
11072,2025-09-20,C134,P17,1,сайт
11072,2025-09-20,C134,P04,5,сайт
11073,2025-09-20,C087,P02,2,приложение
11073,2025-09-20,C087,P07,1,приложение
11074,2025-09-20,C226,P06,3,приложение
11074,2025-09-20,C226,P20,1,приложение
11075,2025-09-20,C047,P11,1,сайт
11075,2025-09-20,C047,P03,2,сайт
11076,2025-09-21,C149,P12,3,приложение
11077,2025-09-21,C126,P17,2,приложение
11078,2025-09-21,C207,P15,2,сайт
11079,2025-09-21,C021,P12,2,маркетплейс
11080,2025-09-21,C111,P13,1,приложение
11080,2025-09-21,C111,P07,2,приложение
11080,2025-09-21,C111,P03,3,приложение
11081,2025-09-22,C041,P06,1,приложение
11082,2025-09-23,C180,P06,1,маркетплейс
11083,2025-09-23,C151,P02,5,маркетплейс
11084,2025-09-24,C102,P01,1,приложение
11084,2025-09-24,C102,P13,2,приложение
11085,2025-09-24,C001,P07,1,сайт
11086,2025-09-24,C190,P17,1,приложение
11087,2025-09-24,C151,P02,8,приложение
11088,2025-09-24,C181,P14,2,сайт
11089,2025-09-24,C038,P07,2,сайт
11090,2025-09-25,C220,P07,3,маркетплейс
11090,2025-09-25,C220,P05,2,маркетплейс
11091,2025-09-25,C041,P09,2,приложение
11091,2025-09-25,C041,P05,5,приложение
11092,2025-09-25,C091,P03,2,приложение
11093,2025-09-26,C175,P19,3,приложение
11093,2025-09-26,C175,P03,5,приложение
11094,2025-09-26,C041,P02,1,сайт
11094,2025-09-26,C041,P01,1,сайт
11094,2025-09-26,C041,P06,2,сайт
11095,2025-09-26,C041,P02,1,сайт
11095,2025-09-26,C041,P03,2,сайт
11096,2025-09-26,C117,P10,3,приложение
11097,2025-09-27,C059,P13,3,приложение
11097,2025-09-27,C059,P04,1,приложение
11097,2025-09-27,C059,P05,1,приложение
11098,2025-09-27,C170,P13,3,приложение
11099,2025-09-27,C068,P01,1,маркетплейс
11100,2025-09-28,C237,P06,2,приложение
11100,2025-09-28,C237,P08,2,приложение
11101,2025-09-28,C017,P05,3,приложение
11101,2025-09-28,C017,P02,1,приложение
11102,2025-09-28,C158,P12,1,приложение
11102,2025-09-28,C158,P01,2,приложение
11102,2025-09-28,C158,P04,1,приложение
11103,2025-09-28,C197,P14,2,сайт
11104,2025-09-28,C214,P11,3,приложение
11105,2025-09-29,C134,P09,6,приложение
11106,2025-09-29,C121,P01,1,маркетплейс
11107,2025-09-29,C092,P03,2,сайт
11108,2025-09-29,C183,P04,1,приложение
11108,2025-09-29,C183,P01,1,приложение
11109,2025-09-29,C017,P02,3,приложение
11110,2025-09-29,C070,P12,2,маркетплейс
11110,2025-09-29,C070,P04,1,маркетплейс
11111,2025-09-30,C128,P09,1,приложение
11112,2025-09-30,C047,P02,2,сайт
11113,2025-09-30,C226,P04,1,приложение
11113,2025-09-30,C226,P01,1,приложение
11114,2025-09-30,C205,P05,2,приложение
11114,2025-09-30,C205,P02,1,приложение
11115,2025-09-30,C181,P02,1,сайт
11115,2025-09-30,C181,P09,2,сайт
11116,2025-09-30,C122,P05,1,приложение
11117,2025-09-30,C176,P03,1,сайт
11117,2025-09-30,C176,P05,1,сайт
11118,2025-09-30,C081,P09,2,сайт
11118,2025-09-30,C081,P04,1,сайт
11119,2025-10-01,C167,P05,4,сайт
11119,2025-10-01,C167,P12,1,сайт
11120,2025-10-01,C171,P13,1,приложение
11121,2025-10-01,C134,P03,4,маркетплейс
11122,2025-10-02,C203,P10,2,сайт
11123,2025-10-02,C090,P03,5,сайт
11123,2025-10-02,C090,P08,7,сайт
11124,2025-10-02,C122,P11,3,приложение
11125,2025-10-02,C118,P20,1,приложение
11126,2025-10-03,C117,P03,1,маркетплейс
11126,2025-10-03,C117,P09,1,маркетплейс
11126,2025-10-03,C117,P05,2,маркетплейс
11127,2025-10-04,C010,P05,3,сайт
11127,2025-10-04,C010,P12,3,сайт
11128,2025-10-04,C192,P01,1,маркетплейс
11128,2025-10-04,C192,P06,1,маркетплейс
11128,2025-10-04,C192,P10,1,маркетплейс
11129,2025-10-04,C221,P04,1,сайт
11129,2025-10-04,C221,P08,3,сайт
11130,2025-10-05,C234,P08,3,маркетплейс
11130,2025-10-05,C234,P16,1,маркетплейс
11130,2025-10-05,C234,P06,2,маркетплейс
11131,2025-10-05,C164,P03,2,маркетплейс
11131,2025-10-05,C164,P05,3,маркетплейс
11132,2025-10-05,C189,P06,3,сайт
11133,2025-10-05,C134,P13,6,приложение
11133,2025-10-05,C134,P05,4,приложение
11134,2025-10-05,C006,P18,1,приложение
11135,2025-10-05,C023,P07,2,сайт
11136,2025-10-06,C215,P13,2,сайт
11136,2025-10-06,C215,P04,3,сайт
11137,2025-10-06,C178,P14,1,сайт
11138,2025-10-06,C138,P03,2,сайт
11138,2025-10-06,C138,P02,1,сайт
11139,2025-10-07,C221,P16,3,сайт
11139,2025-10-07,C221,P05,2,сайт
11140,2025-10-07,C167,P03,2,сайт
11141,2025-10-07,C052,P08,1,сайт
11141,2025-10-07,C052,P07,1,сайт
11141,2025-10-07,C052,P03,1,сайт
11142,2025-10-07,C204,P10,3,приложение
11142,2025-10-07,C204,P07,1,приложение
11143,2025-10-07,C208,P13,1,сайт
11144,2025-10-07,C076,P06,6,маркетплейс
11145,2025-10-08,C139,P02,3,сайт
11145,2025-10-08,C139,P06,1,сайт
11146,2025-10-08,C047,P13,3,сайт
11146,2025-10-08,C047,P05,3,сайт
11146,2025-10-08,C047,P02,3,сайт
11147,2025-10-08,C079,P10,2,приложение
11148,2025-10-09,C091,P03,3,сайт
11148,2025-10-09,C091,P15,1,сайт
11149,2025-10-09,C149,P09,2,маркетплейс
11150,2025-10-09,C143,P01,1,приложение
11150,2025-10-09,C143,P17,1,приложение
11150,2025-10-09,C143,P02,1,приложение
11151,2025-10-09,C079,P12,3,приложение
11152,2025-10-10,C024,P13,1,сайт
11153,2025-10-10,C153,P02,1,сайт
11153,2025-10-10,C153,P05,2,сайт
11154,2025-10-10,C138,P11,3,сайт
11154,2025-10-10,C138,P06,1,сайт
11155,2025-10-10,C068,P04,2,сайт
11155,2025-10-10,C068,P08,2,сайт
11156,2025-10-11,C180,P17,2,приложение
11157,2025-10-11,C067,P14,3,приложение
11158,2025-10-11,C227,P18,1,сайт
11159,2025-10-11,C171,P03,3,маркетплейс
11159,2025-10-11,C171,P05,2,маркетплейс
11160,2025-10-11,C015,P04,2,маркетплейс
11160,2025-10-11,C015,P02,2,маркетплейс
11161,2025-10-12,C118,P05,1,сайт
11162,2025-10-13,C051,P10,1,сайт
11163,2025-10-13,C161,P16,1,маркетплейс
11163,2025-10-13,C161,P13,1,маркетплейс
11164,2025-10-13,C159,P01,1,маркетплейс
11164,2025-10-13,C159,P10,2,маркетплейс
11165,2025-10-13,C059,P18,1,сайт
11166,2025-10-13,C068,P02,1,приложение
11167,2025-10-14,C208,P04,3,сайт
11167,2025-10-14,C208,P06,2,сайт
11168,2025-10-14,C210,P02,2,сайт
11169,2025-10-14,C144,P05,2,приложение
11169,2025-10-14,C144,P11,1,приложение
11170,2025-10-14,C024,P13,1,приложение
11171,2025-10-14,C135,P07,1,сайт
11171,2025-10-14,C135,P01,2,сайт
11172,2025-10-15,C030,P01,1,сайт
11172,2025-10-15,C030,P08,2,сайт
11173,2025-10-15,C204,P04,1,приложение
11174,2025-10-16,C196,P02,3,маркетплейс
11175,2025-10-16,C111,P05,1,сайт
11175,2025-10-16,C111,P13,3,сайт
11176,2025-10-16,C030,P04,1,сайт
11177,2025-10-16,C102,P19,1,маркетплейс
11178,2025-10-17,C118,P12,2,сайт
11179,2025-10-17,C178,P02,2,сайт
11179,2025-10-17,C178,P14,1,сайт
11180,2025-10-17,C200,P11,1,маркетплейс
11180,2025-10-17,C200,P14,2,маркетплейс
11181,2025-10-18,C220,P05,1,сайт
11182,2025-10-18,C011,P05,1,сайт
11182,2025-10-18,C011,P03,2,сайт
11182,2025-10-18,C011,P06,4,сайт
11183,2025-10-18,C036,P02,2,сайт
11184,2025-10-18,C030,P03,2,приложение
11185,2025-10-19,C178,P03,2,сайт
11186,2025-10-19,C075,P09,5,сайт
11187,2025-10-19,C216,P09,8,сайт
11188,2025-10-19,C102,P02,1,сайт
11188,2025-10-19,C102,P16,1,сайт
11189,2025-10-19,C143,P06,2,маркетплейс
11190,2025-10-20,C045,P03,2,сайт
11191,2025-10-20,C091,P08,1,маркетплейс
11191,2025-10-20,C091,P09,1,маркетплейс
11191,2025-10-20,C091,P06,2,маркетплейс
11192,2025-10-20,C208,P06,2,маркетплейс
11192,2025-10-20,C208,P03,1,маркетплейс
11193,2025-10-20,C100,P04,1,маркетплейс
11193,2025-10-20,C100,P10,1,маркетплейс
11194,2025-10-20,C177,P09,1,сайт
11194,2025-10-20,C177,P01,2,сайт
11195,2025-10-20,C019,P03,2,приложение
11196,2025-10-20,C077,P13,2,маркетплейс
11197,2025-10-20,C220,P08,2,приложение
11198,2025-10-20,C142,P07,3,сайт
11198,2025-10-20,C142,P01,1,сайт
11199,2025-10-21,C139,P03,2,сайт
11199,2025-10-21,C139,P01,1,сайт
11199,2025-10-21,C139,P10,2,сайт
11200,2025-10-22,C133,P11,3,приложение
11201,2025-10-22,C138,P19,1,приложение
11201,2025-10-22,C138,P04,2,приложение
11202,2025-10-22,C046,P18,1,маркетплейс
11203,2025-10-23,C208,P08,2,сайт
11203,2025-10-23,C208,P19,2,сайт
11204,2025-10-23,C212,P13,1,сайт
11204,2025-10-23,C212,P09,1,сайт
11205,2025-10-23,C020,P03,1,маркетплейс
11205,2025-10-23,C020,P06,1,маркетплейс
11206,2025-10-23,C171,P02,2,сайт
11206,2025-10-23,C171,P01,1,сайт
11207,2025-10-24,C176,P06,1,маркетплейс
11208,2025-10-24,C220,P13,1,сайт
11208,2025-10-24,C220,P19,3,сайт
11209,2025-10-24,C220,P01,2,сайт
11210,2025-10-24,C076,P10,1,маркетплейс
11211,2025-10-25,C140,P02,3,сайт
11211,2025-10-25,C140,P07,7,сайт
11212,2025-10-25,C069,P05,1,сайт
11212,2025-10-25,C069,P04,2,сайт
11212,2025-10-25,C069,P02,2,сайт
11213,2025-10-25,C170,P06,1,сайт
11214,2025-10-25,C001,P04,1,сайт
11215,2025-10-25,C237,P03,1,сайт
11215,2025-10-25,C237,P10,2,сайт
11215,2025-10-25,C237,P04,1,сайт
11216,2025-10-25,C081,P10,3,приложение
11217,2025-10-26,C065,P05,6,сайт
11217,2025-10-26,C065,P18,1,сайт
11218,2025-10-27,C080,P14,2,сайт
11218,2025-10-27,C080,P01,1,сайт
11219,2025-10-27,C169,P04,3,сайт
11220,2025-10-27,C179,P12,2,маркетплейс
11221,2025-10-27,C140,P09,5,сайт
11222,2025-10-28,C170,P05,2,приложение
11222,2025-10-28,C170,P07,2,приложение
11223,2025-10-28,C117,P12,3,приложение
11224,2025-10-29,C011,P02,1,приложение
11225,2025-10-29,C164,P05,2,сайт
11225,2025-10-29,C164,P16,1,сайт
11226,2025-10-29,C190,P07,1,сайт
11226,2025-10-29,C190,P13,3,сайт
11227,2025-10-29,C017,P08,3,сайт
11228,2025-10-30,C208,P03,4,сайт
11228,2025-10-30,C208,P05,1,сайт
11229,2025-10-30,C120,P05,2,приложение
11229,2025-10-30,C120,P12,4,приложение
11230,2025-10-31,C065,P04,7,сайт
11230,2025-10-31,C065,P12,2,сайт
11230,2025-10-31,C065,P03,6,сайт
11231,2025-10-31,C002,P03,3,маркетплейс
11231,2025-10-31,C002,P02,2,маркетплейс
11232,2025-10-31,C119,P07,2,сайт
11233,2025-10-31,C130,P19,1,приложение
11234,2025-10-31,C226,P05,4,сайт
11234,2025-10-31,C226,P09,2,сайт
11235,2025-11-01,C226,P06,1,маркетплейс
11235,2025-11-01,C226,P02,2,маркетплейс
11236,2025-11-01,C040,P03,2,сайт
11237,2025-11-01,C116,P06,1,маркетплейс
11237,2025-11-01,C116,P09,2,маркетплейс
11237,2025-11-01,C116,P08,3,маркетплейс
11238,2025-11-02,C151,P11,2,сайт
11238,2025-11-02,C151,P19,1,сайт
11238,2025-11-02,C151,P09,6,сайт
11239,2025-11-02,C076,P03,7,сайт
11240,2025-11-02,C047,P05,2,сайт
11241,2025-11-02,C219,P09,2,приложение
11242,2025-11-02,C107,P20,1,приложение
11242,2025-11-02,C107,P09,3,приложение
11243,2025-11-03,C167,P04,3,маркетплейс
11243,2025-11-03,C167,P08,2,маркетплейс
11243,2025-11-03,C167,P09,3,маркетплейс
11244,2025-11-03,C124,P11,2,приложение
11245,2025-11-03,C108,P05,6,маркетплейс
11246,2025-11-03,C065,P09,6,приложение
11247,2025-11-03,C018,P05,1,маркетплейс
11248,2025-11-04,C021,P08,3,маркетплейс
11249,2025-11-04,C188,P11,5,приложение
11250,2025-11-04,C216,P02,8,маркетплейс
11251,2025-11-05,C145,P05,2,сайт
11252,2025-11-05,C138,P07,2,приложение
11252,2025-11-05,C138,P09,1,приложение
11253,2025-11-05,C028,P08,1,сайт
11254,2025-11-05,C021,P06,2,сайт
11254,2025-11-05,C021,P10,3,сайт
11255,2025-11-06,C034,P02,2,приложение
11256,2025-11-06,C023,P05,2,маркетплейс
11256,2025-11-06,C023,P04,1,маркетплейс
11257,2025-11-06,C152,P01,1,сайт
11257,2025-11-06,C152,P02,2,сайт
11258,2025-11-07,C070,P02,4,приложение
11259,2025-11-07,C038,P13,2,сайт
11259,2025-11-07,C038,P04,1,сайт
11260,2025-11-07,C058,P11,3,сайт
11260,2025-11-07,C058,P09,2,сайт
11261,2025-11-07,C140,P15,1,маркетплейс
11261,2025-11-07,C140,P01,6,маркетплейс
11262,2025-11-07,C041,P03,1,сайт
11263,2025-11-08,C207,P11,2,приложение
11264,2025-11-08,C183,P14,2,сайт
11265,2025-11-08,C056,P09,3,маркетплейс
11266,2025-11-08,C149,P08,2,маркетплейс
11266,2025-11-08,C149,P03,1,маркетплейс
11267,2025-11-09,C208,P10,3,маркетплейс
11267,2025-11-09,C208,P03,1,маркетплейс
11268,2025-11-09,C134,P07,7,сайт
11269,2025-11-09,C237,P13,2,маркетплейс
11270,2025-11-09,C136,P09,4,сайт
11271,2025-11-10,C183,P08,1,сайт
11271,2025-11-10,C183,P11,1,сайт
11272,2025-11-10,C006,P02,1,маркетплейс
11273,2025-11-10,C134,P01,6,приложение
11273,2025-11-10,C134,P05,7,приложение
11273,2025-11-10,C134,P06,5,приложение
11274,2025-11-10,C235,P02,3,приложение
11275,2025-11-11,C142,P07,2,маркетплейс
11275,2025-11-11,C142,P05,1,маркетплейс
11275,2025-11-11,C142,P08,1,маркетплейс
11276,2025-11-11,C035,P08,3,сайт
11276,2025-11-11,C035,P12,1,сайт
11276,2025-11-11,C035,P01,1,сайт
11277,2025-11-11,C183,P03,1,приложение
11278,2025-11-12,C023,P19,1,маркетплейс
11278,2025-11-12,C023,P02,2,маркетплейс
11279,2025-11-13,C074,P09,2,сайт
11279,2025-11-13,C074,P04,2,сайт
11279,2025-11-13,C074,P03,2,сайт
11280,2025-11-13,C210,P13,3,приложение
11281,2025-11-13,C093,P02,4,сайт
11282,2025-11-13,C137,P02,6,маркетплейс
11282,2025-11-13,C137,P04,7,маркетплейс
11283,2025-11-13,C208,P09,4,сайт
11284,2025-11-13,C209,P01,1,сайт
11285,2025-11-14,C144,P09,1,сайт
11285,2025-11-14,C144,P04,1,сайт
11285,2025-11-14,C144,P08,3,сайт
11286,2025-11-14,C218,P11,1,сайт
11286,2025-11-14,C218,P06,2,сайт
11287,2025-11-14,C118,P16,1,маркетплейс
11287,2025-11-14,C118,P08,1,маркетплейс
11288,2025-11-14,C081,P06,1,маркетплейс
11289,2025-11-14,C005,P09,1,приложение
11290,2025-11-14,C195,P02,2,приложение
11291,2025-11-14,C172,P19,3,маркетплейс
11292,2025-11-15,C099,P08,2,приложение
11293,2025-11-15,C033,P01,2,сайт
11294,2025-11-15,C032,P03,2,приложение
11294,2025-11-15,C032,P13,2,приложение
11295,2025-11-15,C016,P01,1,приложение
11295,2025-11-15,C016,P07,3,приложение
11296,2025-11-15,C221,P09,4,сайт
11297,2025-11-15,C151,P08,5,приложение
11297,2025-11-15,C151,P05,4,приложение
11298,2025-11-15,C176,P03,2,сайт
11298,2025-11-15,C176,P09,3,сайт
11299,2025-11-15,C038,P10,2,сайт
11300,2025-11-16,C116,P02,3,приложение
11300,2025-11-16,C116,P07,2,приложение
11301,2025-11-16,C171,P16,2,маркетплейс
11302,2025-11-16,C068,P01,1,маркетплейс
11303,2025-11-16,C023,P16,2,маркетплейс
11303,2025-11-16,C023,P12,2,маркетплейс
11303,2025-11-16,C023,P14,4,маркетплейс
11304,2025-11-16,C207,P09,1,приложение
11305,2025-11-16,C041,P09,2,приложение
11305,2025-11-16,C041,P07,2,приложение
11306,2025-11-18,C166,P09,1,сайт
11307,2025-11-18,C208,P05,2,сайт
11307,2025-11-18,C208,P04,1,сайт
11308,2025-11-18,C069,P09,1,сайт
11309,2025-11-18,C134,P03,6,сайт
11309,2025-11-18,C134,P02,8,сайт
11310,2025-11-19,C006,P11,1,сайт
11310,2025-11-19,C006,P02,1,сайт
11311,2025-11-19,C191,P03,2,сайт
11311,2025-11-19,C191,P01,1,сайт
11312,2025-11-19,C207,P05,2,сайт
11312,2025-11-19,C207,P03,1,сайт
11313,2025-11-19,C031,P11,1,приложение
11314,2025-11-19,C178,P06,1,приложение
11315,2025-11-19,C195,P12,1,приложение
11316,2025-11-20,C172,P13,2,сайт
11317,2025-11-20,C011,P02,2,сайт
11318,2025-11-21,C116,P08,1,сайт
11318,2025-11-21,C116,P05,1,сайт
11318,2025-11-21,C116,P06,3,сайт
11319,2025-11-21,C234,P07,2,сайт
11320,2025-11-21,C069,P16,1,маркетплейс
11320,2025-11-21,C069,P09,3,маркетплейс
11321,2025-11-21,C067,P09,3,сайт
11321,2025-11-21,C067,P04,1,сайт
11322,2025-11-21,C153,P01,2,приложение
11323,2025-11-22,C113,P13,3,маркетплейс
11324,2025-11-22,C207,P05,3,приложение
11325,2025-11-22,C058,P15,1,сайт
11325,2025-11-22,C058,P19,2,сайт
11325,2025-11-22,C058,P02,1,сайт
11326,2025-11-23,C224,P04,4,сайт
11326,2025-11-23,C224,P07,4,сайт
11327,2025-11-23,C220,P04,1,приложение
11328,2025-11-23,C211,P03,1,приложение
11328,2025-11-23,C211,P09,2,приложение
11329,2025-11-23,C071,P17,1,сайт
11330,2025-11-23,C195,P09,2,приложение
11331,2025-11-23,C162,P02,1,сайт
11332,2025-11-23,C230,P07,2,маркетплейс
11333,2025-11-24,C024,P12,4,сайт
11334,2025-11-24,C178,P10,1,маркетплейс
11335,2025-11-24,C220,P07,2,маркетплейс
11335,2025-11-24,C220,P06,2,маркетплейс
11336,2025-11-24,C016,P02,3,маркетплейс
11337,2025-11-24,C043,P09,3,приложение
11338,2025-11-25,C126,P02,7,приложение
11339,2025-11-25,C027,P07,3,сайт
11340,2025-11-25,C137,P04,6,сайт
11340,2025-11-25,C137,P09,5,сайт
11341,2025-11-26,C187,P08,1,маркетплейс
11342,2025-11-26,C006,P03,2,маркетплейс
11342,2025-11-26,C006,P16,1,маркетплейс
11343,2025-11-26,C159,P08,2,сайт
11344,2025-11-26,C041,P17,1,сайт
11344,2025-11-26,C041,P04,1,сайт
11345,2025-11-27,C207,P07,2,маркетплейс
11345,2025-11-27,C207,P09,1,маркетплейс
11346,2025-11-27,C030,P06,1,маркетплейс
11347,2025-11-28,C204,P07,2,приложение
11347,2025-11-28,C204,P17,1,приложение
11347,2025-11-28,C204,P02,1,приложение
11348,2025-11-28,C087,P11,1,сайт
11348,2025-11-28,C087,P07,3,сайт
11349,2025-11-28,C121,P07,2,маркетплейс
11350,2025-11-28,C134,P05,6,маркетплейс
11351,2025-11-28,C214,P04,1,маркетплейс
11351,2025-11-28,C214,P11,2,маркетплейс
11352,2025-11-28,C068,P02,1,маркетплейс
11353,2025-11-28,C045,P07,1,сайт
11353,2025-11-28,C045,P12,2,сайт
11354,2025-11-28,C118,P11,3,сайт
11355,2025-11-28,C037,P04,1,сайт
11356,2025-11-29,C093,P04,2,приложение
11357,2025-11-29,C078,P03,1,приложение
11357,2025-11-29,C078,P02,3,приложение
11358,2025-11-29,C235,P02,1,сайт
11359,2025-11-30,C092,P10,7,приложение
11359,2025-11-30,C092,P02,5,приложение
11360,2025-11-30,C009,P10,1,сайт
11360,2025-11-30,C009,P05,2,сайт
11361,2025-11-30,C195,P07,1,сайт
11361,2025-11-30,C195,P12,4,сайт
11362,2025-11-30,C051,P12,1,сайт
11362,2025-11-30,C051,P06,2,сайт
11363,2025-11-30,C114,P01,1,маркетплейс
11363,2025-11-30,C114,P13,2,маркетплейс
11363,2025-11-30,C114,P07,3,маркетплейс
11364,2025-12-01,C038,P05,1,сайт
11364,2025-12-01,C038,P06,1,сайт
11365,2025-12-01,C182,P07,2,сайт
11365,2025-12-01,C182,P19,3,сайт
11366,2025-12-01,C025,P03,3,приложение
11367,2025-12-01,C122,P06,3,маркетплейс
11367,2025-12-01,C122,P08,2,маркетплейс
11368,2025-12-01,C195,P07,1,маркетплейс
11369,2025-12-02,C211,P15,2,маркетплейс
11369,2025-12-02,C211,P14,1,маркетплейс
11370,2025-12-02,C013,P11,1,приложение
11371,2025-12-02,C036,P12,2,приложение
11371,2025-12-02,C036,P01,1,приложение
11372,2025-12-02,C072,P10,1,сайт
11372,2025-12-02,C072,P15,2,сайт
11373,2025-12-02,C138,P14,4,маркетплейс
11373,2025-12-02,C138,P03,2,маркетплейс
11374,2025-12-02,C167,P15,1,маркетплейс
11375,2025-12-02,C058,P11,2,приложение
11376,2025-12-02,C006,P15,1,маркетплейс
11377,2025-12-03,C148,P15,1,сайт
11378,2025-12-03,C221,P05,1,маркетплейс
11378,2025-12-03,C221,P03,4,маркетплейс
11379,2025-12-03,C026,P07,2,сайт
11379,2025-12-03,C026,P04,1,сайт
11380,2025-12-03,C024,P13,2,сайт
11380,2025-12-03,C024,P11,1,сайт
11380,2025-12-03,C024,P12,3,сайт
11381,2025-12-04,C237,P04,1,сайт
11382,2025-12-04,C081,P03,2,сайт
11383,2025-12-04,C102,P04,1,приложение
11384,2025-12-04,C012,P12,1,маркетплейс
11385,2025-12-04,C102,P17,1,приложение
11386,2025-12-04,C066,P14,3,приложение
11386,2025-12-04,C066,P06,1,приложение
11387,2025-12-04,C208,P09,1,сайт
11388,2025-12-04,C023,P08,2,сайт
11388,2025-12-04,C023,P07,2,сайт
11389,2025-12-04,C170,P17,1,приложение
11389,2025-12-04,C170,P16,1,приложение
11389,2025-12-04,C170,P11,2,приложение
11390,2025-12-05,C046,P17,1,маркетплейс
11390,2025-12-05,C046,P11,4,маркетплейс
11391,2025-12-05,C070,P20,1,маркетплейс
11391,2025-12-05,C070,P04,2,маркетплейс
11392,2025-12-05,C221,P11,2,сайт
11393,2025-12-05,C102,P08,2,сайт
11393,2025-12-05,C102,P09,3,сайт
11394,2025-12-06,C209,P09,1,приложение
11394,2025-12-06,C209,P01,1,приложение
11394,2025-12-06,C209,P10,1,приложение
11395,2025-12-06,C038,P19,1,приложение
11396,2025-12-06,C221,P07,2,маркетплейс
11396,2025-12-06,C221,P12,1,маркетплейс
11397,2025-12-06,C207,P08,2,маркетплейс
11397,2025-12-06,C207,P05,4,маркетплейс
11398,2025-12-06,C146,P06,4,сайт
11399,2025-12-06,C142,P10,1,маркетплейс
11400,2025-12-06,C068,P17,2,сайт
11401,2025-12-06,C030,P10,1,сайт
11402,2025-12-07,C067,P03,2,сайт
11402,2025-12-07,C067,P10,1,сайт
11403,2025-12-07,C148,P06,2,маркетплейс
11404,2025-12-07,C191,P14,1,маркетплейс
11404,2025-12-07,C191,P07,2,маркетплейс
11405,2025-12-07,C167,P01,1,сайт
11405,2025-12-07,C167,P02,1,сайт
11406,2025-12-07,C140,P11,1,сайт
11406,2025-12-07,C140,P09,8,сайт
11407,2025-12-07,C045,P11,1,приложение
11407,2025-12-07,C045,P15,1,приложение
11408,2025-12-07,C093,P07,2,сайт
11409,2025-12-07,C047,P10,1,сайт
11410,2025-12-07,C137,P06,7,маркетплейс
11411,2025-12-07,C139,P03,3,маркетплейс
11412,2025-12-07,C223,P07,1,приложение
11412,2025-12-07,C223,P06,4,приложение
11413,2025-12-08,C215,P06,2,приложение
11414,2025-12-08,C164,P03,2,сайт
11415,2025-12-08,C232,P06,1,сайт
11415,2025-12-08,C232,P07,4,сайт
11416,2025-12-08,C103,P10,2,приложение
11416,2025-12-08,C103,P12,2,приложение
11416,2025-12-08,C103,P02,3,приложение
11417,2025-12-08,C024,P19,1,сайт
11418,2025-12-08,C220,P11,3,сайт
11419,2025-12-09,C059,P09,4,маркетплейс
11420,2025-12-09,C121,P08,1,приложение
11420,2025-12-09,C121,P06,3,приложение
11421,2025-12-09,C010,P13,1,маркетплейс
11422,2025-12-09,C216,P03,7,сайт
11422,2025-12-09,C216,P11,4,сайт
11423,2025-12-09,C087,P20,2,приложение
11424,2025-12-09,C005,P11,2,приложение
11425,2025-12-09,C095,P09,1,приложение
11425,2025-12-09,C095,P04,1,приложение
11426,2025-12-10,C043,P08,2,сайт
11426,2025-12-10,C043,P04,1,сайт
11427,2025-12-10,C063,P09,2,сайт
11428,2025-12-10,C126,P02,3,приложение
11428,2025-12-10,C126,P13,3,приложение
11429,2025-12-10,C076,P05,5,маркетплейс
11430,2025-12-10,C118,P05,2,приложение
11430,2025-12-10,C118,P11,2,приложение
11431,2025-12-10,C208,P09,2,маркетплейс
11431,2025-12-10,C208,P10,2,маркетплейс
11432,2025-12-10,C041,P11,1,сайт
11432,2025-12-10,C041,P13,3,сайт
11433,2025-12-10,C212,P10,3,приложение
11434,2025-12-10,C200,P17,1,сайт
11434,2025-12-10,C200,P12,2,сайт
11435,2025-12-10,C140,P07,4,маркетплейс
11436,2025-12-11,C126,P02,7,приложение
11436,2025-12-11,C126,P10,3,приложение
11437,2025-12-11,C079,P03,1,приложение
11438,2025-12-11,C041,P02,1,сайт
11439,2025-12-11,C137,P02,4,маркетплейс
11439,2025-12-11,C137,P07,6,маркетплейс
11440,2025-12-11,C038,P01,1,сайт
11440,2025-12-11,C038,P13,2,сайт
11441,2025-12-11,C118,P13,2,сайт
11442,2025-12-12,C034,P15,2,маркетплейс
11443,2025-12-12,C226,P09,1,сайт
11444,2025-12-12,C079,P08,1,приложение
11444,2025-12-12,C079,P10,2,приложение
11445,2025-12-12,C183,P03,1,маркетплейс
11446,2025-12-12,C081,P08,4,сайт
11446,2025-12-12,C081,P02,2,сайт
11447,2025-12-12,C099,P04,1,сайт
11447,2025-12-12,C099,P03,2,сайт
11448,2025-12-12,C023,P14,1,приложение
11449,2025-12-13,C067,P05,2,приложение
11450,2025-12-13,C132,P11,1,сайт
11451,2025-12-13,C047,P09,1,маркетплейс
11452,2025-12-13,C115,P04,1,приложение
11453,2025-12-13,C170,P14,3,приложение
11454,2025-12-13,C137,P04,4,приложение
11455,2025-12-13,C137,P14,1,приложение
11455,2025-12-13,C137,P06,5,приложение
11456,2025-12-13,C038,P03,1,сайт
11456,2025-12-13,C038,P07,6,сайт
11457,2025-12-13,C163,P03,1,приложение
11458,2025-12-14,C035,P07,2,сайт
11458,2025-12-14,C035,P11,3,сайт
11459,2025-12-14,C130,P07,5,сайт
11460,2025-12-14,C173,P09,2,приложение
11461,2025-12-14,C057,P07,4,приложение
11462,2025-12-14,C201,P06,4,сайт
11462,2025-12-14,C201,P08,1,сайт
11463,2025-12-14,C201,P09,1,сайт
11463,2025-12-14,C201,P10,2,сайт
11463,2025-12-14,C201,P06,3,сайт
11464,2025-12-14,C167,P07,2,приложение
11465,2025-12-15,C203,P10,2,сайт
11466,2025-12-15,C207,P05,3,сайт
11466,2025-12-15,C207,P04,1,сайт
11467,2025-12-15,C057,P02,1,приложение
11468,2025-12-15,C176,P13,2,приложение
11468,2025-12-15,C176,P08,3,приложение
11469,2025-12-15,C144,P07,2,приложение
11469,2025-12-15,C144,P09,2,приложение
11470,2025-12-16,C011,P06,2,сайт
11471,2025-12-16,C075,P04,5,сайт
11471,2025-12-16,C075,P07,6,сайт
11472,2025-12-16,C123,P07,2,сайт
11473,2025-12-16,C019,P08,2,сайт
11473,2025-12-16,C019,P13,1,сайт
11474,2025-12-16,C046,P01,1,приложение
11475,2025-12-17,C208,P03,3,приложение
11476,2025-12-17,C105,P17,1,сайт
11477,2025-12-17,C098,P08,3,приложение
11477,2025-12-17,C098,P11,2,приложение
11478,2025-12-17,C072,P06,5,приложение
11479,2025-12-17,C170,P07,3,сайт
11480,2025-12-17,C079,P06,2,сайт
11480,2025-12-17,C079,P02,1,сайт
11481,2025-12-17,C122,P07,2,сайт
11481,2025-12-17,C122,P02,1,сайт
11481,2025-12-17,C122,P12,4,сайт
11482,2025-12-17,C035,P13,1,маркетплейс
11483,2025-12-17,C226,P10,1,сайт
11484,2025-12-18,C203,P03,1,сайт
11484,2025-12-18,C203,P11,1,сайт
11485,2025-12-18,C205,P12,1,сайт
11485,2025-12-18,C205,P20,1,сайт
11486,2025-12-18,C118,P13,1,маркетплейс
11487,2025-12-18,C101,P14,1,сайт
11488,2025-12-18,C122,P13,3,приложение
11489,2025-12-19,C118,P11,4,сайт
11489,2025-12-19,C118,P03,3,сайт
11489,2025-12-19,C118,P13,4,сайт
11490,2025-12-19,C081,P08,1,сайт
11491,2025-12-19,C091,P07,2,сайт
11492,2025-12-19,C111,P10,1,маркетплейс
11493,2025-12-20,C083,P11,1,приложение
11494,2025-12-20,C170,P01,1,приложение
11494,2025-12-20,C170,P12,1,приложение
11495,2025-12-20,C128,P06,3,приложение
11496,2025-12-20,C138,P09,2,маркетплейс
11496,2025-12-20,C138,P15,2,маркетплейс
11497,2025-12-20,C214,P02,2,маркетплейс
11498,2025-12-20,C237,P02,2,сайт
11499,2025-12-20,C177,P13,2,сайт
11499,2025-12-20,C177,P10,1,сайт
11500,2025-12-20,C066,P02,3,сайт
11501,2025-12-20,C034,P05,1,приложение
11501,2025-12-20,C034,P01,1,приложение
11502,2025-12-20,C126,P09,5,сайт
11503,2025-12-21,C030,P07,2,приложение
11503,2025-12-21,C030,P05,2,приложение
11504,2025-12-21,C128,P09,1,сайт
11504,2025-12-21,C128,P10,1,сайт
11504,2025-12-21,C128,P06,3,сайт
11505,2025-12-21,C080,P08,4,сайт
11505,2025-12-21,C080,P05,2,сайт
11506,2025-12-21,C169,P02,3,сайт
11507,2025-12-21,C041,P09,2,сайт
11507,2025-12-21,C041,P04,1,сайт
11508,2025-12-21,C201,P12,2,маркетплейс
11508,2025-12-21,C201,P07,2,маркетплейс
11509,2025-12-21,C008,P09,2,сайт
11509,2025-12-21,C008,P07,1,сайт
11510,2025-12-21,C212,P11,1,маркетплейс
11511,2025-12-22,C234,P12,2,сайт
11512,2025-12-22,C131,P09,2,маркетплейс
11512,2025-12-22,C131,P04,2,маркетплейс
11513,2025-12-22,C053,P09,2,сайт
11513,2025-12-22,C053,P11,1,сайт
11514,2025-12-22,C186,P06,2,сайт
11514,2025-12-22,C186,P09,1,сайт
11515,2025-12-22,C075,P04,7,сайт
11515,2025-12-22,C075,P07,6,сайт
11516,2025-12-22,C101,P12,2,сайт
11516,2025-12-22,C101,P07,4,сайт
11517,2025-12-22,C068,P13,4,сайт
11518,2025-12-22,C067,P11,3,приложение
11518,2025-12-22,C067,P01,1,приложение
11519,2025-12-22,C006,P08,3,сайт
11519,2025-12-22,C006,P14,1,сайт
11520,2025-12-23,C183,P16,1,приложение
11520,2025-12-23,C183,P11,1,приложение
11521,2025-12-23,C023,P06,1,приложение
11521,2025-12-23,C023,P09,2,приложение
11522,2025-12-23,C221,P13,2,маркетплейс
11523,2025-12-23,C176,P08,1,приложение
11523,2025-12-23,C176,P12,4,приложение
11524,2025-12-23,C066,P07,1,приложение
11524,2025-12-23,C066,P11,1,приложение
11525,2025-12-23,C005,P19,2,приложение
11525,2025-12-23,C005,P06,2,приложение
11526,2025-12-23,C087,P02,2,сайт
11526,2025-12-23,C087,P13,2,сайт
11527,2025-12-23,C023,P11,2,приложение
11527,2025-12-23,C023,P04,2,приложение
11528,2025-12-23,C138,P20,1,маркетплейс
11529,2025-12-23,C227,P06,3,маркетплейс
11529,2025-12-23,C227,P16,1,маркетплейс
11530,2025-12-24,C118,P06,2,маркетплейс
11530,2025-12-24,C118,P02,1,маркетплейс
11531,2025-12-25,C155,P05,2,маркетплейс
11531,2025-12-25,C155,P13,1,маркетплейс
11531,2025-12-25,C155,P15,2,маркетплейс
11532,2025-12-25,C059,P05,2,сайт
11533,2025-12-25,C087,P05,1,маркетплейс
11534,2025-12-25,C041,P02,1,сайт
11534,2025-12-25,C041,P09,4,сайт
11535,2025-12-25,C203,P14,2,приложение
11535,2025-12-25,C203,P07,2,приложение
11536,2025-12-26,C020,P11,3,маркетплейс
11537,2025-12-26,C092,P10,2,сайт
11538,2025-12-26,C115,P06,1,маркетплейс
11538,2025-12-26,C115,P11,1,маркетплейс
11539,2025-12-26,C216,P12,3,сайт
11540,2025-12-26,C224,P05,6,сайт
11540,2025-12-26,C224,P09,5,сайт
11541,2025-12-26,C167,P05,2,сайт
11541,2025-12-26,C167,P02,2,сайт
11542,2025-12-26,C118,P13,2,приложение
11543,2025-12-27,C068,P12,1,сайт
11543,2025-12-27,C068,P06,4,сайт
11544,2025-12-27,C162,P12,1,сайт
11544,2025-12-27,C162,P11,2,сайт
11544,2025-12-27,C162,P08,4,сайт
11545,2025-12-28,C047,P05,2,сайт
11546,2025-12-28,C002,P08,2,маркетплейс
11547,2025-12-28,C070,P10,2,приложение
11547,2025-12-28,C070,P01,1,приложение
11548,2025-12-28,C220,P16,1,маркетплейс
11549,2025-12-28,C108,P11,2,сайт
11550,2025-12-28,C037,P01,2,приложение
11550,2025-12-28,C037,P04,2,приложение
11551,2025-12-29,C122,P11,2,сайт
11551,2025-12-29,C122,P03,1,сайт
11552,2025-12-29,C021,P10,2,сайт
11553,2025-12-29,C192,P04,1,маркетплейс
11553,2025-12-29,C192,P14,2,маркетплейс
11554,2025-12-29,C203,P10,1,приложение
11555,2025-12-29,C210,P11,3,сайт
11556,2025-12-29,C219,P10,1,маркетплейс
11557,2025-12-29,C111,P09,1,сайт
11557,2025-12-29,C111,P06,2,сайт
11558,2025-12-30,C091,P03,2,сайт
11558,2025-12-30,C091,P04,1,сайт
11559,2025-12-30,C059,P08,3,маркетплейс
11560,2025-12-30,C134,P13,4,маркетплейс
11561,2025-12-30,C083,P07,7,сайт
11562,2025-12-30,C072,P01,4,приложение
11562,2025-12-30,C072,P11,2,приложение
11563,2025-12-30,C207,P06,2,сайт
11564,2025-12-30,C040,P02,2,маркетплейс
11565,2025-12-30,C196,P01,1,сайт
11566,2025-12-30,C220,P09,4,маркетплейс
11566,2025-12-30,C220,P12,3,маркетплейс
11566,2025-12-30,C220,P07,1,маркетплейс
11567,2025-12-30,C035,P09,1,сайт
11567,2025-12-30,C035,P19,3,сайт
11567,2025-12-30,C035,P01,1,сайт
11568,2025-12-31,C041,P11,1,сайт
11568,2025-12-31,C041,P17,1,сайт
11569,2025-12-31,C203,P07,2,сайт
11570,2025-12-31,C118,P02,1,приложение
11571,2025-12-31,C221,P07,3,сайт
11572,2025-12-31,C182,P04,2,приложение
11573,2025-12-31,C196,P08,2,приложение
11573,2025-12-31,C196,P03,3,приложение
11574,2025-12-31,C067,P11,1,сайт
11575,2025-12-31,C057,P11,2,маркетплейс
11575,2025-12-31,C057,P19,1,маркетплейс
11576,2025-12-31,C158,P13,2,приложение
