city,month,plan
Москва,1,132000
Москва,2,126000
Москва,3,108000
Москва,4,110000
Москва,5,75000
Москва,6,95000
Москва,7,89000
Москва,8,72000
Москва,9,130000
Москва,10,138000
Москва,11,102000
Москва,12,136000
Санкт-Петербург,1,57000
Санкт-Петербург,2,61000
Санкт-Петербург,3,75000
Санкт-Петербург,4,80000
Санкт-Петербург,5,58000
Санкт-Петербург,6,76000
Санкт-Петербург,7,32000
Санкт-Петербург,8,69000
Санкт-Петербург,9,60000
Санкт-Петербург,10,52000
Санкт-Петербург,11,96000
Санкт-Петербург,12,125000
Казань,1,44000
Казань,2,22000
Казань,3,46000
Казань,4,52000
Казань,5,45000
Казань,6,40000
Казань,7,10000
Казань,8,24000
Казань,9,46000
Казань,10,29000
Казань,11,35000
Казань,12,58000
Новосибирск,1,36000
Новосибирск,2,33000
Новосибирск,3,15000
Новосибирск,4,48000
Новосибирск,5,35000
Новосибирск,6,28000
Новосибирск,7,32000
Новосибирск,8,12000
Новосибирск,9,17000
Новосибирск,10,29000
Новосибирск,11,24000
Новосибирск,12,20000
Екатеринбург,3,46000
Екатеринбург,4,52000
Екатеринбург,5,48000
Екатеринбург,6,29000
Екатеринбург,7,21000
Екатеринбург,8,31000
Екатеринбург,9,36000
Екатеринбург,10,39000
Екатеринбург,11,27000
Екатеринбург,12,69000
Сочи,10,20000
Сочи,11,20000
Сочи,12,20000
