product_id,name,category,price,cost
P01,Эспрессо-смесь 1 кг,Кофе,1450,870
P02,Колумбия 250 г,Кофе,690,380
P03,Эфиопия 250 г,Кофе,790,430
P04,Бразилия 1 кг,Кофе,1290,780
P05,Кофе без кофеина 250 г,Кофе,720,410
P06,Чёрный чай 100 г,Чай,350,150
P07,Зелёный чай 100 г,Чай,390,170
P08,Улун 100 г,Чай,540,260
P09,Травяной сбор 50 г,Чай,260,100
P10,Шоколад горький,Сладости,180,90
P11,Печенье овсяное,Сладости,150,70
P12,Миндаль в шоколаде,Сладости,320,170
P13,Зефир,Сладости,210,100
P14,Кружка 350 мл,Посуда,590,250
P15,Френч-пресс,Посуда,1890,950
P16,Турка медная,Посуда,2400,1300
P17,Чайник заварочный,Посуда,1350,640
P18,Кофемолка ручная,Аксессуары,3200,1900
P19,Фильтры бумажные,Аксессуары,240,90
P20,Термокружка,Аксессуары,1150,560
