return_id,order_id,product_id,return_date,quantity,reason
R001,10001,P18,17.01.2025,2,брак
R002,10010,P16,2025-01-19,1,повреждена упаковка
R003,10012,P01,21.01.2025,2,передумал
R004,10018,P03,2025-01-15,5,не понравился вкус
R005,10024,P08,24.01.2025,1,не понравился вкус
R006,10036,P06,15.01.2025,1,привезли не тот товар
R007,10040,P09,12.01.2025,1,Передумал
R008,10060,P09,2025-01-16,1,повреждена упаковка
R009,10070,P09,2025-01-21,1,повреждена упаковка
R010,10083,P08,2025-01-27,1,брак
R011,10092,P02,2025-01-25,1,
R012,10098,P08,2025-02-04,2,брак
R013,10119,P07,2025-02-01,1,
R035,10442,P03,2025-04-19,1,Передумал
R061,10685,P03,2025-06-11,1,брак
R014,10119,P05,12.02.2025,1,передумал
R015,10120,P08,2025-02-10,2,ПЕРЕДУМАЛ
R016,10151,P02,2025-02-16,2,брак
R017,10163,P08,2025-02-18,1,не понравился вкус
R018,10166,P02,10.02.2025,2,не понравился вкус
R019,10205,P10,2025-02-28,1,Брак
R020,10260,P05,06.03.2025,2,передумал
R021,10269,P04,2025-02-28,1,не понравился вкус
R022,10280,P11,2025-03-07,1,Повреждена упаковка
R023,10289,P09,2025-03-09,1,повреждена упаковка
R024,10289,P11,2025-03-10,3,передумал
R025,10304,P14,2025-03-15,1,повреждена упаковка
R026,10323,P06,2025-03-23,1,повреждена упаковка
R027,10329,P03,15/03/2025,2,передумал
R028,10343,P01,2025-03-24,2,ПЕРЕДУМАЛ
R029,10375,P04,30.03.2025,1,
R030,10377,P09,2025-03-30,1,Брак
R031,10386,P10,08/04/2025,1,привезли не тот товар
R032,10411,P17,2025-04-08,1,привезли не тот товар
R033,10423,P07,08.04.2025,1,повреждена упаковка
R034,10435,P12,24.04.2025,1,ПОВРЕЖДЕНА УПАКОВКА
R035,10442,P03,2025-04-19,1,Передумал
R036,10456,P03,2025-05-01,1,привезли не тот товар
R037,10457,P03,2025-04-28,2,повреждена упаковка 
R038,10465,P12,18.04.2025,2,привезли не тот товар
R039,10472,P03,2025-04-29,3,
R040,10487,P10,03.05.2025,1,Привезли не тот товар
R041,10488,P03,2025-04-29,3,Привезли не тот товар
R042,10498,P09,2025-05-11,1,передумал
R043,10498,P02,2025-05-01,1,
R016,10151,P02,2025-02-16,2,брак
R044,10499,P17,05.05.2025,1,передумал
R045,10501,P15,2025-04-24,1,передумал
R046,10502,P11,29/04/2025,1,не понравился вкус
R091,10941,P14,28.08.2025,1,привезли не тот товар
R047,10517,P10,28.04.2025,1,не понравился вкус
R048,10521,P17,02.05.2025,1,повреждена упаковка
R049,10532,P19,08.05.2025,1,брак
R050,10548,P03,2025-05-19,1,повреждена упаковка 
R051,10552,P03,19/05/2025,1,повреждена упаковка
R052,10558,P05,12.05.2025,1,передумал
R053,10575,P06,18.05.2025,1,
R054,10594,P10,28/05/2025,1,Повреждена упаковка
R055,10594,P09,2025-05-30,1,Не понравился вкус
R056,10621,P12,2025-05-28,2,повреждена упаковка 
R057,10623,P12,2025-05-24,1,Передумал
R058,10629,P04,2025-06-09,1,передумал
R059,10648,P01,31.05.2025,1,ПЕРЕДУМАЛ
R060,10662,P10,30/05/2025,1,не понравился вкус
R061,10685,P03,2025-06-11,1,брак
R062,10702,P01,25.06.2025,2,ПОВРЕЖДЕНА УПАКОВКА
R063,10727,P05,2025-06-25,2,брак
R064,10728,P05,2025-06-12,2,не понравился вкус
R065,10731,P18,2025-06-21,1,привезли не тот товар
R066,10752,P07,01.07.2025,2,повреждена упаковка
R067,10754,P01,2025-06-30,1,не понравился вкус
R068,10756,P01,2025-06-29,1,повреждена упаковка
R069,10761,P01,08.07.2025,1,
R070,10784,P02,27.06.2025,1,передумал
R071,10789,P03,2025-07-05,1,брак
R072,10790,P05,2025-06-30,1,передумал
R073,10810,P13,19/07/2025,1,
R074,10813,P04,2025-07-11,2,не понравился вкус
R075,10822,P11,15.07.2025,2,не понравился вкус
R076,10830,P04,2025-07-18,1,ПОВРЕЖДЕНА УПАКОВКА
R077,10833,P03,21.07.2025,2,привезли не тот товар
R078,10851,P09,2025-07-21,2,передумал
R079,10868,P01,2025-07-19,1,не понравился вкус
R080,10874,P09,19.07.2025,1,ПЕРЕДУМАЛ
R081,10878,P09,06.08.2025,1,повреждена упаковка
R082,10880,P01,08/08/2025,1,брак
R083,10887,P20,26/07/2025,2,брак
R084,10890,P01,2025-07-30,2,повреждена упаковка
R085,10897,P07,2025-08-14,1,повреждена упаковка
R086,10908,P09,2025-08-16,3,повреждена упаковка
R087,10909,P14,18.08.2025,1,Повреждена упаковка
R088,10917,P04,2025-08-17,1,ПЕРЕДУМАЛ
R089,10919,P13,21.08.2025,1,повреждена упаковка
R090,10922,P14,21.08.2025,2,передумал 
R091,10941,P14,28.08.2025,1,привезли не тот товар
R092,10955,P07,2025-09-05,2,привезли не тот товар
R093,10964,P06,24.08.2025,2,не понравился вкус
R094,10967,P02,2025-08-31,1,Повреждена упаковка
R095,10983,P02,14.09.2025,1,передумал
R096,10995,P02,2025-09-05,1,повреждена упаковка
R097,11004,P04,04.09.2025,1,привезли не тот товар
R098,11024,P08,2025-09-10,2,передумал
R099,11031,P04,2025-09-11,1,передумал
R100,11035,P04,2025-09-22,1,передумал
R101,11041,P02,2025-10-02,1,ПОВРЕЖДЕНА УПАКОВКА
R102,11051,P10,2025-10-02,1,передумал 
R103,11053,P07,2025-09-29,2,повреждена упаковка
R104,11061,P12,24/09/2025,1,передумал
R105,11063,P09,28.09.2025,1,повреждена упаковка
R106,11080,P03,07.10.2025,3,не понравился вкус
R107,11094,P06,2025-10-08,1,Передумал
R108,11114,P02,11/10/2025,1,не понравился вкус
R109,11123,P08,16.10.2025,5,повреждена упаковка
R110,11127,P05,24/10/2025,1,НЕ ПОНРАВИЛСЯ ВКУС
R111,11138,P03,23.10.2025,2,передумал
R112,11141,P03,13.10.2025,1,
R113,11152,P13,17/10/2025,1,повреждена упаковка
R114,11159,P03,2025-10-25,2,повреждена упаковка
R115,11164,P10,2025-10-25,1,Не понравился вкус
R116,11169,P11,22.10.2025,1,повреждена упаковка
R117,11185,P03,21.10.2025,2,не понравился вкус
R118,11197,P08,22.10.2025,1,ПЕРЕДУМАЛ
R119,11199,P03,2025-10-26,1,брак
R120,11208,P13,2025-10-29,1,передумал
R121,11231,P03,03.11.2025,2,Не понравился вкус
R122,11237,P06,13.11.2025,1,повреждена упаковка
R123,11263,P11,2025-11-18,2,привезли не тот товар
R124,11278,P19,2025-11-20,1,
R125,11279,P09,2025-12-01,1,не понравился вкус
R126,11284,P01,2025-11-21,1,Не понравился вкус
R127,11285,P09,2025-11-17,1,
R128,11287,P08,2025-11-28,1,повреждена упаковка
R129,11296,P09,2025-11-20,4,привезли не тот товар
R130,11309,P03,2025-12-04,1,не понравился вкус
R131,11312,P03,2025-11-27,1,передумал
R026,10323,P06,2025-03-23,1,повреждена упаковка
R132,11317,P02,2025-11-24,2,повреждена упаковка
R133,11318,P08,08/12/2025,1,не понравился вкус
R134,11363,P07,2025-12-04,1,повреждена упаковка
R135,11367,P08,14/12/2025,1,повреждена упаковка
R096,10995,P02,2025-09-05,1,повреждена упаковка
R115,11164,P10,2025-10-25,1,Не понравился вкус
R136,11409,P10,23.12.2025,1,
R137,11417,P19,2025-12-17,1,Привезли не тот товар
R138,11426,P08,2025-12-29,1,передумал
R139,11458,P11,2025-12-25,2,повреждена упаковка
R140,11464,P07,23.12.2025,1,передумал 
R141,11471,P04,2025-12-30,2,повреждена упаковка
R142,11473,P13,2025-12-18,1,передумал
R143,11478,P06,05.01.2026,3,не понравился вкус
R144,11488,P13,2025-12-24,2,повреждена упаковка
R145,11508,P12,2025-12-26,1,привезли не тот товар
R146,11519,P08,29.12.2025,2,передумал
R147,11557,P06,17.01.2026,2,повреждена упаковка 
R148,11563,P06,04.01.2026,2,передумал
R149,11566,P09,2026-01-05,2,привезли не тот товар
R150,11575,P11,2026-01-15,2,привезли не тот товар
R151,10919,P13,21.08.2025,1,повреждена упаковка
R152,11473,P13,2025-12-18,1,передумал
R153,10662,P10,30/05/2025,1,не понравился вкус
R154,10702,P01,25.06.2025,2,ПОВРЕЖДЕНА УПАКОВКА
R155,10922,P14,21.08.2025,2,передумал 
R156,10594,P10,28/05/2025,1,Повреждена упаковка
