student_id,math,physics,programming,history,english
S01,68,49,68,82,81
S02,70,66,68,77,87
S03,61,58,72,60,70
S04,76,62,68,74,73
S05,78,79,61,80,79
S06,65,67,75,76,61
S07,52,61,56,47,47
S08,53,64,55,72,74
S09,53,65,57,94,43
S10,54,69,43,71,65
S11,67,60,65,57,43
S12,83,93,97,76,100
S13,68,67,69,69,59
S14,63,57,74,55,63
S15,86,61,71,60,61
S16,49,67,94,60,52
S17,68,69,75,75,68
S18,91,55,76,76,65
S19,63,60,72,55,60
S20,58,82,85,71,69
S21,81,92,68,89,68
S22,71,48,75,61,75
S23,75,66,61,64,69
S24,76,81,85,78,69
S25,51,47,51,59,58
S26,73,68,60,42,70
S27,87,73,62,94,74
S28,60,57,69,77,63
S29,80,100,86,80,63
S30,53,60,53,60,50
