product_id,name,category,price,cost,stock,updated
P01,эспрессо-смесь 1 кг ,Кофе,1 560 ₽,920,120,15.01.2026
P02,Колумбия 250 г,Кофе,760 ₽,400,64,13.01.2026
P03,эфиопия 250 г ,Кофе,830 ₽,460,,12.01.2026
P04,БРАЗИЛИЯ 1 КГ,Кофе,1 370 ₽,850,64,16.01.2026
P05,Кофе без кофеина 250 г,Кофе,760 ₽,нет данных,59,13.01.2026
P06,  Чёрный чай 100 г,Чай,370 ₽,160,104,14.01.2026
P07,Зелёный чай 100 г,Чай,420 ₽,180,101,14.01.2026
P08,Улун 100 г,Чай,590 ₽,270,84,14.01.2026
P09,Травяной сбор 50 г,Чай,290 ₽,110,137,13.01.2026
P10,  Шоколад горький,Сладости,190 ₽,100,,16.01.2026
P11,Печенье овсяное,Сладости,160 ₽,80,138,13.01.2026
P12,  Миндаль в шоколаде,Сладости,350 ₽,180,82,16.01.2026
P13,Зефир,Сладости,220 ₽,нет данных,59,12.01.2026
P14,кружка 350 мл ,Посуда,620 ₽,270,10,12.01.2026
P15,френч-пресс ,Посуда,2 060 ₽,1040,9,13.01.2026
P16,Турка медная,Посуда,2 590 ₽,1420,,13.01.2026
P17,  Чайник заварочный,Посуда,1 410 ₽,—,6,14.01.2026
P18,  Кофемолка ручная,Аксессуары,3 450 ₽,2010,38,14.01.2026
P19,ФИЛЬТРЫ БУМАЖНЫЕ,Аксессуары,260 ₽,100,50,13.01.2026
P20,Термокружка,Аксессуары,1 230 ₽,600,128,13.01.2026
