date,city,temp_min,temp_max,precip_mm,wind_ms
2025-01-01,Москва,-9.9,-3.2,0.0,1.9
2025-01-02,Москва,-9.7,-3.2,0.0,2.3
2025-01-03,Москва,-9.0,-3.7,0.0,5.2
2025-01-04,Москва,-14.2,-7.2,1.4,1.4
2025-01-05,Москва,-12.6,-7.2,0.0,3.4
2025-01-06,Москва,-12.4,-7.8,,6.2
2025-01-07,Москва,-12.8,-8.0,0.0,3.6
2025-01-08,Москва,-8.5,-4.2,0.0,3.7
2025-01-09,Москва,-7.0,-2.8,0.3,3.1
2025-01-10,Москва,-6.9,-1.2,0.0,3.9
2025-01-11,Москва,-9.9,-5.2,0.1,6.5
2025-01-12,Москва,-9.3,-2.7,0.0,3.3
2025-01-13,Москва,-9.9,-4.1,1.0,2.6
2025-01-14,Москва,-10.2,-4.3,0.0,3.4
2025-01-15,Москва,-9.1,-2.4,0.0,2.8
2025-01-16,Москва,-7.4,-2.3,0.7,0.7
2025-01-17,Москва,-8.4,-1.8,8.9,3.9
2025-01-18,Москва,-9.5,-2.8,21.2,3.3
2025-01-19,Москва,-8.4,-3.2,0.0,3.9
2025-01-20,Москва,-9.5,-3.3,0.8,0.6
2025-01-21,Москва,-7.8,-2.0,3.0,1.1
2025-01-22,Москва,-8.4,-2.9,0.0,1.8
2025-01-23,Москва,-8.7,-3.5,0.0,1.4
2025-01-24,Москва,-6.6,-1.8,0.0,2.8
2025-01-25,Москва,-4.3,0.7,1.3,2.0
2025-01-26,Москва,-7.7,-3.4,0.0,7.4
2025-01-27,Москва,-10.7,-3.8,0.0,3.4
2025-01-28,Москва,-8.7,-3.5,0.0,1.6
2025-01-29,Москва,-10.5,-4.1,0.0,2.6
2025-01-30,Москва,-9.8,-5.7,1.8,5.1
2025-01-31,Москва,-12.6,-8.1,0.0,3.2
2025-02-01,Москва,-10.6,-4.1,0.0,7.8
2025-02-02,Москва,-9.1,-2.7,0.0,7.7
2025-02-03,Москва,-6.4,-2.0,0.0,5.6
2025-02-04,Москва,-6.4,-2.0,0.0,3.5
2025-02-05,Москва,-8.0,-2.2,1.1,3.3
2025-02-06,Москва,-9.9,-3.7,0.0,3.9
2025-02-07,Москва,-8.1,-3.5,0.0,5.7
2025-02-08,Москва,-11.9,-6.0,3.8,3.6
2025-02-09,Москва,-10.6,-5.5,0.0,0.7
2025-02-10,Москва,-10.6,-6.3,0.0,1.5
2025-02-11,Москва,-9.4,-5.0,0.5,5.5
2025-02-12,Москва,-12.2,-5.7,0.0,6.3
2025-02-13,Москва,-10.9,-4.8,1.3,2.6
2025-02-14,Москва,-14.9,-10.7,0.0,3.6
2025-02-15,Москва,-13.9,-7.7,0.0,3.5
2025-02-16,Москва,-13.0,-6.8,0.0,5.9
2025-02-17,Москва,-11.1,-5.1,2.8,3.6
2025-02-18,Москва,-9.8,-4.5,11.3,4.7
2025-02-19,Москва,-11.4,-6.2,0.0,2.7
2025-02-20,Москва,-10.7,-3.7,2.0,5.7
2025-02-21,Москва,-12.8,-5.8,1.3,2.3
2025-02-22,Москва,-13.3,-6.6,7.4,3.1
2025-02-23,Москва,-13.3,-8.4,0.0,1.9
2025-02-24,Москва,-11.5,-4.8,6.5,2.4
2025-02-25,Москва,-8.9,-4.5,4.7,1.9
2025-02-26,Москва,-9.0,-3.4,5.3,3.4
2025-02-27,Москва,-7.5,-0.9,0.9,0.8
2025-02-28,Москва,-5.1,0.5,0.0,2.7
2025-03-01,Москва,0.4,4.6,8.5,3.3
2025-03-02,Москва,-1.9,4.2,0.0,6.2
2025-03-03,Москва,-2.0,4.3,2.4,1.4
2025-03-04,Москва,-3.1,2.4,3.5,2.1
2025-03-05,Москва,-4.8,1.3,0.0,1.5
2025-03-06,Москва,-4.1,2.4,5.1,7.2
2025-03-07,Москва,-6.7,-0.5,7.8,2.3
2025-03-08,Москва,-7.0,-0.8,4.5,4.2
2025-03-09,Москва,-7.1,-1.2,0.0,2.0
2025-03-10,Москва,-9.5,-2.9,4.7,3.5
2025-03-11,Москва,-5.5,-0.1,0.0,2.1
2025-03-12,Москва,-6.7,-1.1,5.0,3.4
2025-03-13,Москва,-5.3,-0.3,0.0,3.4
2025-03-14,Москва,-7.6,-1.5,4.3,6.4
2025-03-15,Москва,-7.9,-1.9,0.0,2.0
2025-03-16,Москва,-7.8,-2.5,0.0,1.0
2025-03-17,Москва,-2.9,3.9,0.0,3.4
2025-03-18,Москва,1.6,7.7,5.8,1.4
2025-03-19,Москва,1.8,8.3,0.0,1.3
2025-03-20,Москва,-5.3,0.3,2.5,1.6
2025-03-21,Москва,-6.9,-0.4,0.2,1.9
2025-03-22,Москва,-5.2,0.7,1.4,3.3
2025-03-23,Москва,0.5,5.3,1.5,2.3
2025-03-24,Москва,-2.1,2.5,1.2,3.1
2025-03-25,Москва,-2.8,3.1,0.0,3.5
2025-03-26,Москва,-5.0,0.5,3.7,3.7
2025-03-27,Москва,-4.3,0.6,0.0,2.9
2025-03-28,Москва,-5.3,-1.2,0.0,4.5
2025-03-29,Москва,-3.2,2.7,4.6,4.1
2025-03-30,Москва,-2.9,3.1,7.3,1.1
2025-03-31,Москва,-0.1,6.5,4.0,3.2
2025-04-01,Москва,-3.0,2.9,0.0,6.9
2025-04-02,Москва,2.4,7.4,0.0,3.0
2025-04-03,Москва,2.2,8.7,0.0,6.0
2025-04-04,Москва,4.2,9.1,0.7,4.3
2025-04-05,Москва,5.2,9.2,0.0,1.0
2025-04-06,Москва,2.1,6.8,4.3,4.3
2025-04-07,Москва,4.0,8.4,0.0,4.8
2025-04-08,Москва,5.9,10.7,0.0,5.4
2025-04-09,Москва,6.0,12.6,1.9,3.9
2025-04-10,Москва,8.3,14.4,0.2,5.4
2025-04-11,Москва,5.2,10.0,0.0,1.1
2025-04-12,Москва,6.1,10.3,2.5,6.4
2025-04-13,Москва,4.9,11.1,0.0,4.0
2025-04-14,Москва,4.5,8.9,0.0,5.8
2025-04-15,Москва,6.0,12.6,0.0,3.6
2025-04-16,Москва,6.2,10.4,9.1,2.0
2025-04-17,Москва,7.3,11.4,1.1,5.0
2025-04-18,Москва,3.8,9.7,4.5,3.4
2025-04-19,Москва,4.2,8.8,0.0,1.7
2025-04-20,Москва,6.7,11.1,0.0,9.9
2025-04-21,Москва,8.5,14.1,0.0,2.5
2025-04-22,Москва,9.4,13.7,1.7,5.0
2025-04-23,Москва,9.8,14.4,0.0,4.3
2025-04-24,Москва,7.0,12.5,0.0,6.7
2025-04-25,Москва,10.7,17.0,5.0,1.5
2025-04-26,Москва,5.7,10.2,0.0,4.1
2025-04-27,Москва,5.8,10.6,5.1,3.4
2025-04-28,Москва,9.1,13.9,4.5,3.3
2025-04-29,Москва,8.6,13.8,0.0,1.6
2025-04-30,Москва,8.5,12.9,6.7,1.6
2025-05-01,Москва,8.9,13.3,0.0,2.2
2025-05-02,Москва,12.0,16.3,14.7,5.1
2025-05-03,Москва,6.8,12.5,0.0,2.2
2025-05-04,Москва,3.2,7.7,0.0,2.3
2025-05-05,Москва,8.2,13.0,0.0,2.1
2025-05-06,Москва,9.2,14.4,2.0,0.7
2025-05-07,Москва,10.3,14.7,8.7,6.8
2025-05-08,Москва,10.8,15.5,4.4,3.9
2025-05-09,Москва,10.7,15.3,10.2,3.3
2025-05-10,Москва,8.7,14.0,0.0,3.4
2025-05-11,Москва,7.2,11.7,0.0,5.4
2025-05-12,Москва,8.0,12.6,0.0,2.6
2025-05-13,Москва,8.1,12.2,0.0,0.9
2025-05-14,Москва,10.2,14.2,0.9,2.4
2025-05-15,Москва,13.7,17.7,0.0,2.5
2025-05-16,Москва,12.3,17.0,0.0,2.5
2025-05-17,Москва,15.0,19.0,0.1,3.5
2025-05-18,Москва,13.4,20.1,3.9,10.1
2025-05-19,Москва,13.3,19.2,0.8,4.5
2025-05-20,Москва,13.5,19.1,4.9,1.6
2025-05-21,Москва,10.4,16.8,0.0,1.7
2025-05-22,Москва,14.0,18.7,0.0,3.0
2025-05-23,Москва,13.4,18.8,3.2,3.4
2025-05-24,Москва,11.9,16.7,0.0,3.5
2025-05-25,Москва,7.0,12.7,3.9,3.6
2025-05-26,Москва,7.7,12.1,3.5,6.7
2025-05-27,Москва,7.9,12.5,0.0,3.3
2025-05-28,Москва,10.4,17.3,0.0,4.4
2025-05-29,Москва,12.8,17.6,9.7,3.6
2025-05-30,Москва,12.2,16.8,0.0,5.7
2025-05-31,Москва,17.6,22.4,0.0,2.8
2025-06-01,Москва,11.2,18.0,6.2,5.3
2025-06-02,Москва,14.2,19.0,0.0,0.5
2025-06-03,Москва,15.4,22.0,0.0,4.3
2025-06-04,Москва,11.4,18.0,0.0,3.1
2025-06-05,Москва,15.5,19.8,9.6,6.2
2025-06-06,Москва,14.9,19.3,7.2,2.7
2025-06-07,Москва,15.5,20.4,3.9,4.3
2025-06-08,Москва,13.0,19.6,3.8,3.6
2025-06-09,Москва,12.7,19.6,5.8,2.2
2025-06-10,Москва,11.3,15.6,0.0,0.7
2025-06-11,Москва,9.2,15.6,0.0,4.1
2025-06-12,Москва,12.0,18.6,2.2,1.8
2025-06-13,Москва,15.6,20.3,0.0,0.7
2025-06-14,Москва,15.0,19.5,0.0,1.3
2025-06-15,Москва,17.3,22.7,5.1,6.1
2025-06-16,Москва,18.1,24.9,9.0,2.2
2025-06-17,Москва,16.9,21.5,4.3,1.6
2025-06-18,Москва,14.5,20.2,3.6,7.6
2025-06-19,Москва,14.7,19.6,0.0,4.1
2025-06-20,Москва,9.8,16.1,0.6,4.0
2025-06-21,Москва,13.2,19.7,8.4,11.0
2025-06-22,Москва,19.4,26.0,0.0,4.0
2025-06-23,Москва,18.1,24.2,1.0,2.6
2025-06-24,Москва,16.6,20.6,12.6,4.7
2025-06-25,Москва,15.5,21.5,0.8,7.2
2025-06-26,Москва,15.0,20.3,5.2,6.5
2025-06-27,Москва,13.6,19.5,0.0,6.2
2025-06-28,Москва,12.3,19.2,4.4,2.5
2025-06-29,Москва,17.0,22.5,1.6,2.3
2025-06-30,Москва,15.4,19.8,0.0,11.2
2025-07-01,Москва,13.7,18.9,0.0,4.5
2025-07-02,Москва,12.8,18.3,0.0,4.7
2025-07-03,Москва,13.6,18.4,0.0,2.4
2025-07-04,Москва,12.4,16.7,0.0,2.8
2025-07-05,Москва,12.0,16.7,2.1,0.8
2025-07-06,Москва,11.4,18.2,0.0,5.7
2025-07-07,Москва,16.8,21.1,0.0,3.2
2025-07-08,Москва,13.4,19.0,0.0,2.7
2025-07-09,Москва,11.0,16.0,4.7,6.0
2025-07-10,Москва,10.6,16.6,0.0,2.8
2025-07-11,Москва,12.3,17.8,0.0,1.9
2025-07-12,Москва,16.1,22.8,4.4,6.9
2025-07-13,Москва,16.0,21.7,0.0,6.6
2025-07-14,Москва,19.1,25.3,0.0,3.2
2025-07-15,Москва,20.8,26.3,0.0,7.5
2025-07-16,Москва,21.8,27.2,9.5,2.2
2025-07-17,Москва,20.9,26.3,5.0,9.8
2025-07-18,Москва,20.5,25.6,0.0,5.4
2025-07-19,Москва,19.1,26.0,0.0,4.2
2025-07-20,Москва,17.1,23.3,3.1,5.2
2025-07-21,Москва,17.6,24.1,0.0,4.7
2025-07-22,Москва,18.6,24.4,0.0,3.8
2025-07-23,Москва,14.7,21.0,1.1,4.9
2025-07-24,Москва,16.1,20.3,0.0,3.9
2025-07-25,Москва,19.5,25.0,0.0,1.9
2025-07-26,Москва,18.4,24.4,7.2,2.3
2025-07-27,Москва,12.9,17.5,0.6,4.1
2025-07-28,Москва,16.8,22.6,2.8,1.0
2025-07-29,Москва,18.8,23.7,4.1,7.1
2025-07-30,Москва,18.5,24.2,3.4,2.1
2025-07-31,Москва,16.0,22.5,0.0,2.5
2025-08-01,Москва,12.7,18.7,0.7,1.2
2025-08-02,Москва,14.3,18.4,0.0,2.8
2025-08-03,Москва,15.0,21.0,0.0,1.8
2025-08-04,Москва,14.8,19.1,0.0,0.9
2025-08-05,Москва,13.1,19.6,0.0,5.3
2025-08-06,Москва,19.9,26.0,0.0,6.8
2025-08-07,Москва,16.7,21.7,3.2,13.6
2025-08-08,Москва,14.1,20.1,0.0,7.9
2025-08-09,Москва,13.8,20.6,1.1,1.8
2025-08-10,Москва,19.4,24.4,0.0,6.7
2025-08-11,Москва,20.4,25.4,24.4,3.7
2025-08-12,Москва,19.4,24.7,1.8,7.6
2025-08-13,Москва,16.6,22.2,0.0,5.2
2025-08-14,Москва,17.6,21.8,0.0,2.4
2025-08-15,Москва,15.6,21.0,4.1,3.7
2025-08-16,Москва,13.7,19.1,0.0,8.5
2025-08-17,Москва,17.7,22.4,0.5,8.0
2025-08-18,Москва,16.3,21.5,2.9,4.6
2025-08-19,Москва,16.0,21.4,0.0,4.0
2025-08-20,Москва,18.8,23.7,4.4,1.7
2025-08-21,Москва,15.8,22.2,0.0,2.4
2025-08-22,Москва,15.0,21.6,2.4,3.4
2025-08-23,Москва,13.4,18.5,0.0,2.6
2025-08-24,Москва,12.8,18.8,0.0,4.7
2025-08-25,Москва,16.6,22.2,2.0,1.5
2025-08-26,Москва,17.0,22.0,13.3,4.4
2025-08-27,Москва,14.6,19.9,6.4,1.2
2025-08-28,Москва,16.5,20.6,0.0,4.8
2025-08-29,Москва,16.2,22.8,0.0,6.1
2025-08-30,Москва,19.1,24.1,0.0,7.7
2025-08-31,Москва,17.4,22.8,0.0,1.8
2025-09-01,Москва,17.9,22.7,0.0,1.6
2025-09-02,Москва,13.9,18.8,0.0,3.7
2025-09-03,Москва,11.1,17.0,0.0,6.0
2025-09-04,Москва,11.9,16.4,2.5,9.2
2025-09-05,Москва,13.6,18.5,0.9,3.5
2025-09-06,Москва,14.3,20.7,0.0,6.9
2025-09-07,Москва,18.2,24.6,0.0,5.3
2025-09-08,Москва,17.1,21.9,1.1,2.9
2025-09-09,Москва,14.9,19.3,0.0,1.5
2025-09-10,Москва,13.0,18.4,1.7,6.4
2025-09-11,Москва,13.3,18.0,0.0,2.0
2025-09-12,Москва,10.2,16.0,2.7,3.7
2025-09-13,Москва,11.0,16.1,0.0,2.3
2025-09-14,Москва,9.4,13.4,0.0,2.0
2025-09-15,Москва,7.4,14.1,0.0,2.0
2025-09-16,Москва,7.5,13.5,0.0,3.1
2025-09-17,Москва,12.9,18.4,0.0,4.1
2025-09-18,Москва,12.0,16.8,10.3,2.7
2025-09-19,Москва,10.0,16.5,2.1,4.1
2025-09-20,Москва,8.4,14.9,0.1,1.7
2025-09-21,Москва,8.0,13.4,0.0,0.9
2025-09-22,Москва,7.8,12.7,0.9,4.6
2025-09-23,Москва,7.2,12.1,1.0,3.4
2025-09-24,Москва,5.3,10.6,0.0,4.5
2025-09-25,Москва,5.5,10.1,0.0,6.2
2025-09-26,Москва,6.0,11.8,2.2,7.5
2025-09-27,Москва,4.0,10.7,0.0,1.4
2025-09-28,Москва,5.4,12.3,3.7,2.1
2025-09-29,Москва,7.3,14.0,0.0,0.8
2025-09-30,Москва,8.9,15.5,0.0,10.7
2025-10-01,Москва,8.3,13.3,11.2,2.2
2025-10-02,Москва,9.4,16.2,1.9,3.1
2025-10-03,Москва,11.2,16.6,0.0,3.6
2025-10-04,Москва,13.0,19.7,0.0,4.3
2025-10-05,Москва,9.9,14.8,1.3,2.7
2025-10-06,Москва,8.9,14.0,0.0,1.1
2025-10-07,Москва,9.0,14.0,0.0,1.8
2025-10-08,Москва,2.6,8.8,0.0,2.9
2025-10-09,Москва,1.3,6.2,0.0,0.5
2025-10-10,Москва,-0.6,5.7,10.0,9.0
2025-10-11,Москва,1.3,7.5,3.4,2.1
2025-10-12,Москва,1.7,7.1,0.0,3.7
2025-10-13,Москва,7.3,12.9,0.0,5.3
2025-10-14,Москва,9.6,13.7,0.0,3.9
2025-10-15,Москва,8.3,14.4,0.0,2.7
2025-10-16,Москва,3.7,10.4,2.8,1.3
2025-10-17,Москва,2.6,6.6,1.5,7.9
2025-10-18,Москва,4.7,9.6,8.1,6.7
2025-10-19,Москва,4.4,11.1,2.3,6.0
2025-10-20,Москва,3.5,10.0,0.0,3.0
2025-10-21,Москва,0.0,6.8,0.0,10.3
2025-10-22,Москва,-1.8,5.0,0.0,8.9
2025-10-23,Москва,0.4,5.8,0.0,2.9
2025-10-24,Москва,2.2,7.1,0.0,7.7
2025-10-25,Москва,5.1,10.0,0.0,3.0
2025-10-26,Москва,3.3,9.6,0.0,3.2
2025-10-27,Москва,0.3,7.0,1.0,3.2
2025-10-28,Москва,4.3,8.7,0.0,10.5
2025-10-29,Москва,2.8,9.5,0.0,3.4
2025-10-30,Москва,4.0,9.4,0.4,3.3
2025-10-31,Москва,0.1,6.0,0.0,3.8
2025-11-01,Москва,-1.8,4.6,2.6,7.8
2025-11-02,Москва,-1.8,3.2,0.0,3.2
2025-11-03,Москва,-2.1,4.7,4.4,1.1
2025-11-04,Москва,-1.2,3.5,0.0,1.6
2025-11-05,Москва,1.0,7.8,0.0,2.3
2025-11-06,Москва,1.1,6.1,0.9,2.2
2025-11-07,Москва,1.3,8.0,19.2,8.7
2025-11-08,Москва,0.5,6.5,1.3,7.3
2025-11-09,Москва,-2.5,2.3,0.0,13.0
2025-11-10,Москва,-4.2,1.4,1.2,2.7
2025-11-11,Москва,-6.3,0.6,0.0,2.5
2025-11-12,Москва,-3.8,2.8,6.4,2.7
2025-11-13,Москва,-0.5,5.5,8.6,1.7
2025-11-14,Москва,0.2,4.4,4.5,3.5
2025-11-15,Москва,1.2,5.8,0.0,1.3
2025-11-16,Москва,-5.1,-0.8,0.0,2.6
2025-11-17,Москва,-6.8,-1.2,0.0,2.1
2025-11-18,Москва,-6.6,-1.6,0.0,5.5
2025-11-19,Москва,-3.4,3.3,1.3,3.0
2025-11-20,Москва,-2.5,3.8,0.0,3.5
2025-11-21,Москва,-5.4,0.1,0.0,3.7
2025-11-22,Москва,-7.9,-1.3,0.0,1.3
2025-11-23,Москва,-7.7,-1.5,0.9,1.8
2025-11-24,Москва,-5.3,-1.0,5.0,5.5
2025-11-25,Москва,-10.5,-5.0,0.0,9.3
2025-11-26,Москва,-7.4,-2.4,5.4,4.7
2025-11-27,Москва,-6.7,-1.6,0.0,1.9
2025-11-28,Москва,-4.5,2.0,5.3,3.0
2025-11-29,Москва,-4.2,2.0,14.9,4.0
2025-11-30,Москва,-3.6,0.8,0.0,5.2
2025-12-01,Москва,-7.8,-2.7,0.2,3.6
2025-12-02,Москва,-6.7,0.1,7.9,1.8
2025-12-03,Москва,-4.9,1.2,0.0,2.6
2025-12-04,Москва,-8.6,-1.9,4.0,4.6
2025-12-05,Москва,-5.4,-0.6,1.0,7.0
2025-12-06,Москва,-8.4,-2.6,1.0,4.6
2025-12-07,Москва,-7.7,-1.4,0.0,2.0
2025-12-08,Москва,-7.1,-1.9,8.2,1.9
2025-12-09,Москва,-6.2,-0.1,0.0,1.2
2025-12-10,Москва,-7.7,-2.9,0.0,3.7
2025-12-11,Москва,-8.8,-3.0,4.4,1.6
2025-12-12,Москва,-7.9,-1.3,0.0,5.9
2025-12-13,Москва,-8.7,-2.0,4.8,0.8
2025-12-14,Москва,-9.7,-3.4,3.1,4.4
2025-12-15,Москва,-6.2,0.4,0.0,6.1
2025-12-16,Москва,-8.6,-2.3,0.0,2.4
2025-12-17,Москва,-8.7,-2.8,0.0,2.2
2025-12-18,Москва,-11.6,-5.2,3.6,10.1
2025-12-19,Москва,-12.0,-5.1,0.0,7.6
2025-12-20,Москва,-8.7,-3.8,0.0,1.7
2025-12-21,Москва,-10.8,-4.9,3.7,1.1
2025-12-22,Москва,-5.5,-0.5,8.3,3.3
2025-12-23,Москва,-8.5,-3.7,2.7,4.4
2025-12-24,Москва,-8.7,-3.5,2.6,2.2
2025-12-25,Москва,-8.1,-1.4,0.0,2.7
2025-12-26,Москва,-9.1,-3.3,0.0,1.5
2025-12-27,Москва,-10.8,-4.3,0.0,6.4
2025-12-28,Москва,-10.1,-6.0,0.6,3.5
2025-12-29,Москва,-10.9,-6.4,0.0,0.8
2025-12-30,Москва,-10.1,-4.8,4.1,2.4
2025-12-31,Москва,-7.1,-2.0,0.0,3.0
2025-01-01,Санкт-Петербург,-7.9,-1.3,0.0,2.2
2025-01-02,Санкт-Петербург,-8.9,-2.2,0.0,6.3
2025-01-03,Санкт-Петербург,-2.9,2.0,0.0,3.1
2025-01-04,Санкт-Петербург,-3.2,0.9,0.0,1.5
2025-01-05,Санкт-Петербург,-8.7,-2.9,0.0,13.6
2025-01-06,Санкт-Петербург,-11.0,-4.4,0.0,2.4
2025-01-07,Санкт-Петербург,-9.1,-2.6,0.6,7.5
2025-01-08,Санкт-Петербург,-12.3,-5.6,1.0,5.3
2025-01-09,Санкт-Петербург,-11.0,-6.2,1.2,2.7
2025-01-10,Санкт-Петербург,-10.6,-6.2,0.9,2.9
2025-01-11,Санкт-Петербург,-14.2,-7.7,0.0,5.1
2025-01-12,Санкт-Петербург,-14.8,-8.4,0.0,1.5
2025-01-13,Санкт-Петербург,-12.3,-5.8,6.1,3.4
2025-01-14,Санкт-Петербург,-11.4,-6.9,0.0,4.3
2025-01-15,Санкт-Петербург,-9.0,-4.9,0.0,11.9
2025-01-16,Санкт-Петербург,-8.3,-3.3,3.4,7.3
2025-01-17,Санкт-Петербург,-9.4,-3.3,0.2,3.4
2025-01-18,Санкт-Петербург,-7.6,-1.5,0.0,4.1
2025-01-19,Санкт-Петербург,-3.9,1.3,0.4,3.9
2025-01-20,Санкт-Петербург,-7.3,-1.5,0.0,0.7
2025-01-21,Санкт-Петербург,-12.0,-5.1,0.0,8.3
2025-01-22,Санкт-Петербург,-8.4,-2.6,0.0,5.9
2025-01-23,Санкт-Петербург,-10.5,-4.3,16.4,1.7
2025-01-24,Санкт-Петербург,-10.2,-3.9,2.5,2.1
2025-01-25,Санкт-Петербург,-10.1,-5.9,0.0,3.5
2025-01-26,Санкт-Петербург,-10.7,-6.0,0.0,6.4
2025-01-27,Санкт-Петербург,-9.8,-5.2,0.0,5.9
2025-01-28,Санкт-Петербург,-9.5,-3.8,0.0,3.7
2025-01-29,Санкт-Петербург,-10.6,-5.9,0.0,3.8
2025-01-30,Санкт-Петербург,-10.7,-6.0,0.0,0.5
2025-01-31,Санкт-Петербург,-11.7,-5.1,0.0,6.6
2025-02-01,Санкт-Петербург,-9.3,-3.8,2.4,2.4
2025-02-02,Санкт-Петербург,-13.4,-6.8,0.0,2.3
2025-02-03,Санкт-Петербург,-14.1,-9.2,0.0,3.6
2025-02-04,Санкт-Петербург,-10.8,-6.5,2.7,1.8
2025-02-05,Санкт-Петербург,-10.8,-4.3,0.0,2.1
2025-02-06,Санкт-Петербург,-11.3,-5.9,0.0,2.4
2025-02-07,Санкт-Петербург,-10.9,-5.4,0.0,2.6
2025-02-08,Санкт-Петербург,-6.2,-1.5,4.0,3.4
2025-02-09,Санкт-Петербург,-6.4,-0.6,0.0,1.5
2025-02-10,Санкт-Петербург,-6.9,-2.1,0.0,5.5
2025-02-11,Санкт-Петербург,-2.8,1.2,1.9,2.8
2025-02-12,Санкт-Петербург,-6.9,-2.8,2.8,4.5
2025-02-13,Санкт-Петербург,-9.7,-4.7,4.1,4.9
2025-02-14,Санкт-Петербург,-10.3,-3.7,0.7,1.5
2025-02-15,Санкт-Петербург,-8.0,-2.8,0.2,5.6
2025-02-16,Санкт-Петербург,-8.8,-1.9,0.0,3.5
2025-02-17,Санкт-Петербург,-11.4,-4.7,0.0,4.1
2025-02-18,Санкт-Петербург,-12.9,-7.3,0.6,4.9
2025-02-19,Санкт-Петербург,-12.2,-7.9,2.9,5.2
2025-02-20,Санкт-Петербург,-10.3,-4.7,0.0,1.3
2025-02-21,Санкт-Петербург,-8.0,-2.4,2.7,7.9
2025-02-22,Санкт-Петербург,-7.0,-0.6,0.0,5.3
2025-02-23,Санкт-Петербург,-1.8,4.2,0.0,5.7
2025-02-24,Санкт-Петербург,-6.4,-1.0,0.0,2.0
2025-02-25,Санкт-Петербург,-4.2,0.9,13.4,5.2
2025-02-26,Санкт-Петербург,-6.8,-1.9,2.6,3.0
2025-02-27,Санкт-Петербург,-8.9,-4.8,4.8,6.2
2025-02-28,Санкт-Петербург,-11.1,-6.4,0.0,3.0
2025-03-01,Санкт-Петербург,-13.3,-8.6,0.0,3.6
2025-03-02,Санкт-Петербург,-14.0,-7.2,0.0,2.0
2025-03-03,Санкт-Петербург,-6.9,-0.9,7.0,4.9
2025-03-04,Санкт-Петербург,-6.2,0.3,0.0,6.6
2025-03-05,Санкт-Петербург,-4.2,0.7,0.0,8.2
2025-03-06,Санкт-Петербург,-6.9,-1.1,0.0,4.8
2025-03-07,Санкт-Петербург,-7.0,-1.7,0.0,2.4
2025-03-08,Санкт-Петербург,-5.6,-1.1,0.0,1.5
2025-03-09,Санкт-Петербург,-4.5,0.7,3.4,1.7
2025-03-10,Санкт-Петербург,-6.8,-0.7,0.0,1.4
2025-03-11,Санкт-Петербург,-5.6,0.4,0.0,3.0
2025-03-12,Санкт-Петербург,-0.7,4.9,3.0,7.7
2025-03-13,Санкт-Петербург,-0.6,3.8,0.5,3.6
2025-03-14,Санкт-Петербург,-3.5,2.4,0.0,5.2
2025-03-15,Санкт-Петербург,-1.3,5.3,4.8,4.0
2025-03-16,Санкт-Петербург,-2.5,2.1,0.4,5.7
2025-03-17,Санкт-Петербург,-4.3,0.8,0.0,2.3
2025-03-18,Санкт-Петербург,0.0,4.6,3.8,1.7
2025-03-19,Санкт-Петербург,-0.6,3.6,2.0,3.4
2025-03-20,Санкт-Петербург,0.0,6.1,0.0,2.6
2025-03-21,Санкт-Петербург,-2.5,4.2,8.7,1.3
2025-03-22,Санкт-Петербург,-2.8,3.7,0.0,6.2
2025-03-23,Санкт-Петербург,-6.7,-0.7,2.9,3.9
2025-03-24,Санкт-Петербург,-5.6,-0.3,0.0,4.2
2025-03-25,Санкт-Петербург,-2.4,1.8,4.4,4.0
2025-03-26,Санкт-Петербург,-0.7,6.0,0.0,1.7
2025-03-27,Санкт-Петербург,2.6,7.7,0.7,1.8
2025-03-28,Санкт-Петербург,2.5,8.9,4.7,2.3
2025-03-29,Санкт-Петербург,1.7,5.7,2.3,4.4
2025-03-30,Санкт-Петербург,1.6,8.5,0.0,7.9
2025-03-31,Санкт-Петербург,2.8,9.1,0.0,7.9
2025-04-01,Санкт-Петербург,8.3,14.9,0.0,1.9
2025-04-02,Санкт-Петербург,6.5,10.6,0.0,2.7
2025-04-03,Санкт-Петербург,6.8,12.4,13.6,2.1
2025-04-04,Санкт-Петербург,4.0,8.6,0.0,6.0
2025-04-05,Санкт-Петербург,1.8,6.9,0.5,5.9
2025-04-06,Санкт-Петербург,2.9,6.9,0.0,3.4
2025-04-07,Санкт-Петербург,-0.3,6.1,0.0,4.2
2025-04-08,Санкт-Петербург,-0.1,5.1,0.0,0.7
2025-04-09,Санкт-Петербург,-0.9,4.9,2.1,3.5
2025-04-10,Санкт-Петербург,-2.6,1.9,2.4,9.9
2025-04-11,Санкт-Петербург,-1.2,4.4,3.7,1.4
2025-04-12,Санкт-Петербург,2.2,7.5,4.7,9.0
2025-04-13,Санкт-Петербург,2.7,9.0,3.3,1.1
2025-04-14,Санкт-Петербург,2.5,8.1,0.0,0.6
2025-04-15,Санкт-Петербург,0.1,5.4,2.7,1.2
2025-04-16,Санкт-Петербург,-2.0,5.0,2.6,4.5
2025-04-17,Санкт-Петербург,-1.8,4.3,0.0,3.2
2025-04-18,Санкт-Петербург,0.1,5.5,0.0,5.7
2025-04-19,Санкт-Петербург,3.0,8.5,4.9,2.5
2025-04-20,Санкт-Петербург,-2.5,3.7,27.7,3.4
2025-04-21,Санкт-Петербург,-3.0,2.9,0.0,4.8
2025-04-22,Санкт-Петербург,-0.7,3.3,0.9,3.2
2025-04-23,Санкт-Петербург,4.0,9.3,0.0,6.4
2025-04-24,Санкт-Петербург,4.1,9.9,1.9,3.6
2025-04-25,Санкт-Петербург,4.6,10.3,2.2,10.4
2025-04-26,Санкт-Петербург,6.1,11.6,0.0,5.0
2025-04-27,Санкт-Петербург,6.8,11.3,0.0,5.5
2025-04-28,Санкт-Петербург,7.1,12.3,0.3,2.9
2025-04-29,Санкт-Петербург,6.9,12.0,0.0,15.6
2025-04-30,Санкт-Петербург,5.9,10.6,7.4,4.6
2025-05-01,Санкт-Петербург,3.0,8.1,0.0,5.2
2025-05-02,Санкт-Петербург,3.5,8.5,0.0,5.2
2025-05-03,Санкт-Петербург,6.4,12.6,0.0,1.3
2025-05-04,Санкт-Петербург,7.2,12.5,7.4,2.8
2025-05-05,Санкт-Петербург,8.1,12.7,0.0,2.1
2025-05-06,Санкт-Петербург,7.3,12.5,2.1,7.0
2025-05-07,Санкт-Петербург,5.4,11.4,0.0,3.0
2025-05-08,Санкт-Петербург,6.1,12.5,0.0,6.1
2025-05-09,Санкт-Петербург,6.8,12.8,4.3,3.6
2025-05-10,Санкт-Петербург,5.0,9.1,0.0,4.5
2025-05-11,Санкт-Петербург,7.9,12.5,0.0,2.3
2025-05-12,Санкт-Петербург,6.1,10.7,6.4,9.6
2025-05-13,Санкт-Петербург,5.8,11.8,0.0,3.5
2025-05-14,Санкт-Петербург,8.1,13.7,0.0,3.3
2025-05-15,Санкт-Петербург,7.9,14.4,0.6,4.0
2025-05-16,Санкт-Петербург,11.0,16.0,7.1,3.3
2025-05-17,Санкт-Петербург,6.6,13.2,6.1,9.0
2025-05-18,Санкт-Петербург,10.7,15.3,0.0,4.6
2025-05-19,Санкт-Петербург,11.6,16.9,0.5,4.5
2025-05-20,Санкт-Петербург,12.0,17.9,2.5,1.7
2025-05-21,Санкт-Петербург,7.3,12.4,7.5,3.8
2025-05-22,Санкт-Петербург,6.1,12.5,0.0,3.4
2025-05-23,Санкт-Петербург,8.3,13.7,0.0,1.9
2025-05-24,Санкт-Петербург,9.7,14.3,0.0,4.5
2025-05-25,Санкт-Петербург,8.9,13.2,1.9,6.7
2025-05-26,Санкт-Петербург,9.7,16.2,11.8,1.8
2025-05-27,Санкт-Петербург,10.0,16.3,0.0,7.5
2025-05-28,Санкт-Петербург,13.1,19.3,0.0,0.9
2025-05-29,Санкт-Петербург,13.1,18.2,0.0,5.1
2025-05-30,Санкт-Петербург,11.7,18.5,2.2,1.6
2025-05-31,Санкт-Петербург,15.1,20.1,0.0,1.7
2025-06-01,Санкт-Петербург,16.9,23.0,0.3,0.7
2025-06-02,Санкт-Петербург,16.3,22.2,0.0,2.7
2025-06-03,Санкт-Петербург,12.6,19.3,0.0,2.6
2025-06-04,Санкт-Петербург,9.0,14.5,26.8,5.0
2025-06-05,Санкт-Петербург,9.4,14.8,0.0,3.2
2025-06-06,Санкт-Петербург,10.5,14.8,6.2,3.4
2025-06-07,Санкт-Петербург,8.8,13.6,0.0,1.7
2025-06-08,Санкт-Петербург,5.2,12.1,3.6,6.3
2025-06-09,Санкт-Петербург,12.4,18.8,0.3,1.7
2025-06-10,Санкт-Петербург,17.8,24.2,1.3,3.6
2025-06-11,Санкт-Петербург,17.4,22.1,0.0,4.5
2025-06-12,Санкт-Петербург,16.5,22.6,0.0,3.2
2025-06-13,Санкт-Петербург,15.4,22.1,0.0,10.3
2025-06-14,Санкт-Петербург,14.1,20.9,8.9,3.0
2025-06-15,Санкт-Петербург,15.5,21.9,0.0,3.7
2025-06-16,Санкт-Петербург,17.8,22.8,2.8,3.9
2025-06-17,Санкт-Петербург,11.9,17.6,0.0,6.7
2025-06-18,Санкт-Петербург,9.3,14.0,0.0,1.4
2025-06-19,Санкт-Петербург,6.8,11.7,0.4,5.9
2025-06-20,Санкт-Петербург,7.9,13.5,0.8,3.9
2025-06-21,Санкт-Петербург,13.3,18.3,0.0,3.3
2025-06-22,Санкт-Петербург,8.4,13.6,0.0,1.6
2025-06-23,Санкт-Петербург,13.1,19.7,7.4,7.8
2025-06-24,Санкт-Петербург,17.6,22.1,0.0,3.4
2025-06-25,Санкт-Петербург,20.0,24.6,0.0,1.8
2025-06-26,Санкт-Петербург,14.7,21.0,4.9,2.5
2025-06-27,Санкт-Петербург,15.6,21.3,0.1,7.0
2025-06-28,Санкт-Петербург,16.4,21.6,6.8,6.3
2025-06-29,Санкт-Петербург,17.2,22.2,2.4,2.4
2025-06-30,Санкт-Петербург,17.8,22.6,0.0,0.9
2025-07-01,Санкт-Петербург,18.9,23.5,0.0,2.5
2025-07-02,Санкт-Петербург,15.9,20.9,0.8,0.9
2025-07-03,Санкт-Петербург,17.5,22.9,0.0,4.3
2025-07-04,Санкт-Петербург,17.1,23.2,0.6,2.9
2025-07-05,Санкт-Петербург,16.4,20.9,2.8,3.2
2025-07-06,Санкт-Петербург,15.9,22.2,2.8,1.8
2025-07-07,Санкт-Петербург,14.7,21.3,0.3,3.2
2025-07-08,Санкт-Петербург,16.6,21.2,1.7,1.1
2025-07-09,Санкт-Петербург,18.1,23.8,0.0,1.9
2025-07-10,Санкт-Петербург,16.8,23.8,0.0,5.0
2025-07-11,Санкт-Петербург,12.1,17.8,10.6,2.6
2025-07-12,Санкт-Петербург,12.6,18.9,1.1,3.8
2025-07-13,Санкт-Петербург,13.5,17.9,0.0,7.6
2025-07-14,Санкт-Петербург,12.2,19.2,0.2,4.2
2025-07-15,Санкт-Петербург,14.2,18.6,2.5,4.5
2025-07-16,Санкт-Петербург,13.1,17.2,0.0,6.1
2025-07-17,Санкт-Петербург,18.8,23.8,1.9,7.0
2025-07-18,Санкт-Петербург,18.1,23.0,0.0,3.6
2025-07-19,Санкт-Петербург,17.6,23.6,10.6,1.2
2025-07-20,Санкт-Петербург,15.9,22.4,0.0,2.1
2025-07-21,Санкт-Петербург,15.8,22.1,5.6,1.9
2025-07-22,Санкт-Петербург,15.4,20.4,2.1,2.3
2025-07-23,Санкт-Петербург,20.0,24.2,0.0,1.3
2025-07-24,Санкт-Петербург,17.4,23.4,1.7,5.4
2025-07-25,Санкт-Петербург,15.7,20.7,2.6,6.5
2025-07-26,Санкт-Петербург,16.0,23.0,14.3,3.7
2025-07-27,Санкт-Петербург,15.2,20.4,0.0,2.3
2025-07-28,Санкт-Петербург,13.1,18.5,0.0,1.9
2025-07-29,Санкт-Петербург,10.2,16.3,6.0,2.7
2025-07-30,Санкт-Петербург,13.3,19.9,0.0,5.2
2025-07-31,Санкт-Петербург,12.7,19.7,4.2,3.9
2025-08-01,Санкт-Петербург,15.6,20.9,0.0,1.5
2025-08-02,Санкт-Петербург,18.6,23.8,1.7,5.9
2025-08-03,Санкт-Петербург,15.6,20.7,0.0,5.8
2025-08-04,Санкт-Петербург,17.4,23.5,0.0,4.0
2025-08-05,Санкт-Петербург,18.9,23.0,3.4,5.0
2025-08-06,Санкт-Петербург,22.3,27.5,0.0,6.1
2025-08-07,Санкт-Петербург,17.7,22.8,3.7,1.2
2025-08-08,Санкт-Петербург,19.0,23.3,0.0,2.7
2025-08-09,Санкт-Петербург,17.8,22.3,1.3,4.5
2025-08-10,Санкт-Петербург,14.6,20.0,5.4,2.2
2025-08-11,Санкт-Петербург,16.4,21.2,2.3,4.8
2025-08-12,Санкт-Петербург,17.7,23.6,0.0,0.5
2025-08-13,Санкт-Петербург,17.9,22.3,0.0,8.6
2025-08-14,Санкт-Петербург,14.2,18.6,5.2,1.6
2025-08-15,Санкт-Петербург,14.4,20.0,4.7,0.5
2025-08-16,Санкт-Петербург,16.8,21.3,0.6,5.1
2025-08-17,Санкт-Петербург,13.8,19.3,0.0,2.5
2025-08-18,Санкт-Петербург,12.2,17.5,7.7,6.2
2025-08-19,Санкт-Петербург,10.2,14.5,0.0,7.3
2025-08-20,Санкт-Петербург,14.4,19.1,0.1,5.0
2025-08-21,Санкт-Петербург,15.6,22.0,0.0,8.6
2025-08-22,Санкт-Петербург,11.0,16.5,7.9,1.4
2025-08-23,Санкт-Петербург,12.6,16.8,8.6,4.0
2025-08-24,Санкт-Петербург,11.7,17.4,4.6,2.6
2025-08-25,Санкт-Петербург,11.9,17.5,1.6,5.1
2025-08-26,Санкт-Петербург,11.9,17.0,0.5,1.8
2025-08-27,Санкт-Петербург,8.0,13.8,0.0,4.0
2025-08-28,Санкт-Петербург,7.9,14.0,0.0,3.5
2025-08-29,Санкт-Петербург,7.4,13.3,0.0,2.7
2025-08-30,Санкт-Петербург,11.8,17.6,0.0,2.7
2025-08-31,Санкт-Петербург,10.5,17.3,0.0,3.1
2025-09-01,Санкт-Петербург,14.7,21.4,0.0,2.6
2025-09-02,Санкт-Петербург,13.6,19.4,0.0,9.0
2025-09-03,Санкт-Петербург,10.1,16.9,0.8,4.1
2025-09-04,Санкт-Петербург,8.9,13.7,4.0,1.6
2025-09-05,Санкт-Петербург,11.9,16.4,0.0,2.2
2025-09-06,Санкт-Петербург,9.4,14.1,0.0,1.6
2025-09-07,Санкт-Петербург,7.9,12.9,0.0,7.7
2025-09-08,Санкт-Петербург,7.6,13.8,10.7,1.2
2025-09-09,Санкт-Петербург,7.3,11.6,28.1,4.0
2025-09-10,Санкт-Петербург,2.7,9.0,0.0,2.7
2025-09-11,Санкт-Петербург,3.9,8.2,0.7,4.3
2025-09-12,Санкт-Петербург,5.2,11.0,1.5,5.3
2025-09-13,Санкт-Петербург,3.9,9.7,1.6,
2025-09-14,Санкт-Петербург,5.3,11.0,1.6,8.2
2025-09-15,Санкт-Петербург,3.7,8.6,4.2,5.7
2025-09-16,Санкт-Петербург,5.9,12.6,0.0,2.8
2025-09-17,Санкт-Петербург,6.2,11.5,14.9,1.3
2025-09-18,Санкт-Петербург,9.3,16.0,3.3,3.8
2025-09-19,Санкт-Петербург,9.8,14.0,0.0,1.8
2025-09-20,Санкт-Петербург,7.3,11.4,3.0,3.5
2025-09-21,Санкт-Петербург,8.3,13.6,0.8,3.6
2025-09-22,Санкт-Петербург,8.4,12.8,0.0,1.1
2025-09-23,Санкт-Петербург,8.1,14.5,3.7,3.4
2025-09-24,Санкт-Петербург,7.1,12.7,0.0,3.5
2025-09-25,Санкт-Петербург,7.2,13.6,3.3,1.7
2025-09-26,Санкт-Петербург,6.7,12.7,0.0,2.1
2025-09-27,Санкт-Петербург,4.7,9.5,9.4,5.0
2025-09-28,Санкт-Петербург,7.5,12.3,0.0,3.7
2025-09-29,Санкт-Петербург,7.9,14.4,5.4,7.1
2025-09-30,Санкт-Петербург,9.0,13.2,0.0,2.5
2025-10-01,Санкт-Петербург,2.6,9.3,0.0,1.3
2025-10-02,Санкт-Петербург,6.7,11.3,0.5,4.9
2025-10-03,Санкт-Петербург,3.6,8.8,8.7,12.3
2025-10-04,Санкт-Петербург,6.9,13.5,3.3,2.3
2025-10-05,Санкт-Петербург,10.9,15.9,0.0,2.7
2025-10-06,Санкт-Петербург,6.5,12.2,0.0,3.9
2025-10-07,Санкт-Петербург,4.8,9.2,0.0,4.8
2025-10-08,Санкт-Петербург,5.5,10.4,2.3,8.7
2025-10-09,Санкт-Петербург,6.5,10.8,1.3,7.4
2025-10-10,Санкт-Петербург,5.6,9.6,0.0,4.3
2025-10-11,Санкт-Петербург,4.3,10.5,17.4,4.5
2025-10-12,Санкт-Петербург,6.8,12.0,1.6,4.2
2025-10-13,Санкт-Петербург,8.6,13.2,0.0,1.3
2025-10-14,Санкт-Петербург,7.1,11.5,1.8,1.4
2025-10-15,Санкт-Петербург,-0.2,6.4,1.4,2.0
2025-10-16,Санкт-Петербург,4.0,9.1,0.0,4.0
2025-10-17,Санкт-Петербург,3.3,7.6,1.8,5.1
2025-10-18,Санкт-Петербург,0.6,5.6,1.8,3.7
2025-10-19,Санкт-Петербург,-0.5,5.6,2.5,4.4
2025-10-20,Санкт-Петербург,3.3,7.7,2.2,2.8
2025-10-21,Санкт-Петербург,2.3,8.9,0.0,1.0
2025-10-22,Санкт-Петербург,4.5,10.6,0.3,5.3
2025-10-23,Санкт-Петербург,4.6,9.2,0.0,7.2
2025-10-24,Санкт-Петербург,2.1,7.3,0.0,2.9
2025-10-25,Санкт-Петербург,1.0,5.3,0.0,5.4
2025-10-26,Санкт-Петербург,1.7,8.7,2.4,1.0
2025-10-27,Санкт-Петербург,-0.6,5.0,1.7,1.8
2025-10-28,Санкт-Петербург,2.3,6.5,17.5,3.5
2025-10-29,Санкт-Петербург,4.8,11.2,0.9,2.2
2025-10-30,Санкт-Петербург,3.9,10.6,0.0,3.5
2025-10-31,Санкт-Петербург,0.6,4.9,1.0,3.0
2025-11-01,Санкт-Петербург,-4.7,2.0,5.3,1.7
2025-11-02,Санкт-Петербург,-5.9,0.6,1.4,1.5
2025-11-03,Санкт-Петербург,-4.5,-0.3,3.2,3.0
2025-11-04,Санкт-Петербург,-3.2,3.2,4.9,4.1
2025-11-05,Санкт-Петербург,-0.0,5.6,0.0,1.3
2025-11-06,Санкт-Петербург,2.1,7.3,4.4,2.5
2025-11-07,Санкт-Петербург,4.4,9.4,0.5,4.7
2025-11-08,Санкт-Петербург,0.5,7.2,0.0,4.1
2025-11-09,Санкт-Петербург,-3.6,2.1,1.1,4.7
2025-11-10,Санкт-Петербург,-2.5,2.8,0.0,1.2
2025-11-11,Санкт-Петербург,-5.6,0.1,6.6,3.3
2025-11-12,Санкт-Петербург,-3.8,2.8,0.0,6.5
2025-11-13,Санкт-Петербург,-3.0,1.9,1.3,3.8
2025-11-14,Санкт-Петербург,-5.9,0.6,1.0,2.0
2025-11-15,Санкт-Петербург,-4.8,0.1,7.1,6.5
2025-11-16,Санкт-Петербург,-2.7,3.9,3.1,5.3
2025-11-17,Санкт-Петербург,-0.4,4.5,0.0,1.5
2025-11-18,Санкт-Петербург,2.0,6.1,0.0,3.3
2025-11-19,Санкт-Петербург,0.3,7.0,0.0,2.7
2025-11-20,Санкт-Петербург,2.1,7.2,9.5,3.8
2025-11-21,Санкт-Петербург,-1.5,4.5,6.3,4.6
2025-11-22,Санкт-Петербург,-4.7,1.9,2.6,5.3
2025-11-23,Санкт-Петербург,-3.3,2.3,3.7,8.5
2025-11-24,Санкт-Петербург,-5.1,-0.2,16.7,6.5
2025-11-25,Санкт-Петербург,-5.3,1.5,0.0,9.2
2025-11-26,Санкт-Петербург,-2.4,3.2,0.0,10.5
2025-11-27,Санкт-Петербург,-3.1,2.3,0.0,6.0
2025-11-28,Санкт-Петербург,-4.6,0.7,0.0,3.7
2025-11-29,Санкт-Петербург,-3.7,2.5,0.0,1.4
2025-11-30,Санкт-Петербург,-4.2,1.7,4.8,4.7
2025-12-01,Санкт-Петербург,-5.9,0.9,0.0,5.9
2025-12-02,Санкт-Петербург,-5.2,-0.2,0.0,4.2
2025-12-03,Санкт-Петербург,-6.3,0.4,0.0,6.2
2025-12-04,Санкт-Петербург,-1.6,3.9,0.0,3.6
2025-12-05,Санкт-Петербург,-1.3,3.8,0.0,2.8
2025-12-06,Санкт-Петербург,-4.5,2.4,4.3,8.8
2025-12-07,Санкт-Петербург,-10.1,-3.6,0.3,4.1
2025-12-08,Санкт-Петербург,-5.9,0.4,5.8,5.7
2025-12-09,Санкт-Петербург,-5.4,-0.6,1.1,8.3
2025-12-10,Санкт-Петербург,-6.6,-2.2,0.0,5.9
2025-12-11,Санкт-Петербург,-6.0,-1.3,2.4,5.0
2025-12-12,Санкт-Петербург,-2.1,2.5,5.6,0.7
2025-12-13,Санкт-Петербург,-3.8,2.2,2.6,8.3
2025-12-14,Санкт-Петербург,-1.7,3.2,2.1,10.9
2025-12-15,Санкт-Петербург,-7.2,-2.7,7.3,4.1
2025-12-16,Санкт-Петербург,-9.9,-4.7,1.3,4.7
2025-12-17,Санкт-Петербург,-5.8,0.9,4.6,0.9
2025-12-18,Санкт-Петербург,-7.5,-1.0,5.9,0.8
2025-12-19,Санкт-Петербург,-8.9,-2.4,11.8,3.8
2025-12-20,Санкт-Петербург,-7.0,-2.4,0.0,3.0
2025-12-21,Санкт-Петербург,-6.8,-1.2,0.0,2.4
2025-12-22,Санкт-Петербург,-6.9,-1.9,6.6,8.3
2025-12-23,Санкт-Петербург,-3.7,0.4,0.2,1.7
2025-12-24,Санкт-Петербург,-6.2,-1.6,8.3,3.5
2025-12-25,Санкт-Петербург,-7.7,-3.1,0.0,2.9
2025-12-26,Санкт-Петербург,-9.4,-4.5,13.1,2.6
2025-12-27,Санкт-Петербург,-9.7,-4.8,10.0,6.2
2025-12-28,Санкт-Петербург,-8.5,-4.0,2.9,6.1
2025-12-29,Санкт-Петербург,-8.6,-2.0,0.0,6.2
2025-12-30,Санкт-Петербург,-9.8,-3.7,10.5,4.4
2025-12-31,Санкт-Петербург,-9.3,-2.7,0.0,1.1
2025-01-01,Казань,-8.8,-3.5,0.0,7.1
2025-01-02,Казань,-11.3,-5.0,0.0,1.9
2025-01-03,Казань,-5.4,-1.3,0.0,2.7
2025-01-04,Казань,-10.6,-4.7,0.0,2.0
2025-01-05,Казань,-12.3,-7.2,0.0,5.3
2025-01-06,Казань,-10.9,-5.0,0.0,5.1
2025-01-07,Казань,-12.3,-5.7,0.0,4.7
2025-01-08,Казань,-15.4,-9.2,3.9,1.5
2025-01-09,Казань,-12.7,-8.0,0.0,4.3
2025-01-10,Казань,-14.3,-9.4,0.0,2.4
2025-01-11,Казань,-11.8,-5.8,0.0,3.1
2025-01-12,Казань,-14.1,-8.4,0.0,5.9
2025-01-13,Казань,-12.7,-6.6,0.0,2.6
2025-01-14,Казань,,-2.9,0.0,2.7
2025-01-15,Казань,-4.3,0.8,0.0,2.1
2025-01-16,Казань,-7.1,-1.0,0.0,7.0
2025-01-17,Казань,-7.6,-2.2,0.3,3.5
2025-01-18,Казань,-7.1,-2.4,0.0,3.0
2025-01-19,Казань,-9.1,-4.4,6.7,7.4
2025-01-20,Казань,-8.8,-4.8,0.5,5.2
2025-01-21,Казань,-11.9,-4.9,0.0,0.5
2025-01-22,Казань,-11.0,-4.8,2.1,2.2
2025-01-23,Казань,-14.5,-7.6,0.0,1.9
2025-01-24,Казань,-11.9,-5.9,0.0,10.3
2025-01-25,Казань,-13.7,-9.1,0.0,4.7
2025-01-26,Казань,-12.6,-6.0,0.0,2.9
2025-01-27,Казань,-14.1,-7.4,0.8,6.6
2025-01-28,Казань,-11.6,-5.5,0.0,3.0
2025-01-29,Казань,-18.6,-14.3,0.0,5.0
2025-01-30,Казань,-13.8,-8.9,0.0,8.7
2025-01-31,Казань,-10.0,-4.8,0.0,3.7
2025-02-01,Казань,-9.0,-3.2,0.0,2.0
2025-02-02,Казань,-10.7,-4.8,0.0,2.4
2025-02-03,Казань,-10.7,-5.5,0.0,5.6
2025-02-04,Казань,-9.8,-4.8,0.0,2.1
2025-02-05,Казань,-8.7,-2.5,1.3,8.7
2025-02-06,Казань,-6.3,0.4,0.0,4.3
2025-02-07,Казань,-5.1,0.6,0.0,5.7
2025-02-08,Казань,-6.1,-0.5,0.0,2.6
2025-02-09,Казань,-10.0,-5.0,0.0,3.4
2025-02-10,Казань,-10.3,-4.8,0.0,5.8
2025-02-11,Казань,-15.1,-8.6,1.6,2.2
2025-02-12,Казань,-12.7,-8.1,5.6,4.7
2025-02-13,Казань,-9.0,-3.0,0.0,3.3
2025-02-14,Казань,-11.7,-5.9,10.9,3.1
2025-02-15,Казань,-11.9,-6.4,0.0,2.9
2025-02-16,Казань,-13.1,-7.3,0.0,4.7
2025-02-17,Казань,-9.1,-5.1,0.5,2.9
2025-02-18,Казань,-9.1,-2.3,0.0,4.4
2025-02-19,Казань,-9.2,-5.1,0.0,4.5
2025-02-20,Казань,-13.1,-7.9,0.2,6.4
2025-02-21,Казань,-12.4,-7.2,4.0,4.7
2025-02-22,Казань,-10.6,-6.5,1.6,2.0
2025-02-23,Казань,-10.6,-6.1,0.1,1.0
2025-02-24,Казань,-7.0,-0.6,0.0,3.7
2025-02-25,Казань,-3.7,1.8,0.0,6.5
2025-02-26,Казань,-3.4,1.9,0.0,5.6
2025-02-27,Казань,0.9,5.0,4.7,5.8
2025-02-28,Казань,0.7,5.7,14.2,1.9
2025-03-01,Казань,-0.3,4.7,5.2,2.5
2025-03-02,Казань,-7.0,-0.7,0.0,4.9
2025-03-03,Казань,-7.4,-3.3,3.3,8.9
2025-03-04,Казань,-8.8,-4.1,0.0,1.8
2025-03-05,Казань,-4.9,0.4,6.1,2.0
2025-03-06,Казань,-3.1,1.4,14.1,1.3
2025-03-07,Казань,-6.4,0.1,0.0,5.0
2025-03-08,Казань,-4.9,-0.7,0.0,3.7
2025-03-09,Казань,-4.8,1.0,5.4,4.1
2025-03-10,Казань,-1.3,2.7,0.6,3.7
2025-03-11,Казань,-3.1,2.7,1.2,2.0
2025-03-12,Казань,-2.6,2.0,0.0,4.8
2025-03-13,Казань,-2.0,3.0,6.4,1.1
2025-03-14,Казань,-6.3,-0.9,0.0,1.2
2025-03-15,Казань,-8.6,-3.5,0.0,3.0
2025-03-16,Казань,-6.3,0.5,0.0,9.7
2025-03-17,Казань,-4.9,-0.6,0.0,4.4
2025-03-18,Казань,-5.0,-0.7,5.2,11.0
2025-03-19,Казань,-3.9,0.5,3.8,5.8
2025-03-20,Казань,-5.1,-0.1,4.7,6.2
2025-03-21,Казань,-1.8,4.2,3.7,6.0
2025-03-22,Казань,-1.9,4.7,0.0,6.6
2025-03-23,Казань,-1.2,5.2,0.0,2.0
2025-03-24,Казань,1.7,6.7,2.0,2.1
2025-03-25,Казань,1.5,5.9,0.0,5.7
2025-03-26,Казань,-0.2,6.1,0.0,8.4
2025-03-27,Казань,1.5,7.0,0.0,2.9
2025-03-28,Казань,1.1,5.4,0.0,0.9
2025-03-29,Казань,-0.4,6.1,8.4,3.3
2025-03-30,Казань,0.1,5.0,6.7,2.7
2025-03-31,Казань,-1.5,4.5,5.3,4.7
2025-04-01,Казань,-3.0,2.6,2.2,2.8
2025-04-02,Казань,2.1,7.9,2.3,1.8
2025-04-03,Казань,0.4,6.0,0.0,6.5
2025-04-04,Казань,6.1,10.3,0.0,5.7
2025-04-05,Казань,4.4,9.7,4.8,3.9
2025-04-06,Казань,3.7,8.0,0.0,8.5
2025-04-07,Казань,0.3,5.7,0.0,3.4
2025-04-08,Казань,2.8,7.3,0.0,1.9
2025-04-09,Казань,3.6,10.5,0.0,2.5
2025-04-10,Казань,0.6,6.9,2.8,2.4
2025-04-11,Казань,-1.0,4.8,4.4,1.3
2025-04-12,Казань,-0.4,4.8,0.0,1.5
2025-04-13,Казань,-2.8,1.4,0.0,3.0
2025-04-14,Казань,1.5,6.0,0.0,3.4
2025-04-15,Казань,2.8,6.9,9.3,4.6
2025-04-16,Казань,2.9,9.8,9.0,6.7
2025-04-17,Казань,1.0,6.5,4.3,1.2
2025-04-18,Казань,2.5,6.6,0.0,10.0
2025-04-19,Казань,-1.9,4.4,0.0,2.9
2025-04-20,Казань,3.2,9.3,4.0,1.1
2025-04-21,Казань,6.3,10.5,10.5,1.6
2025-04-22,Казань,4.3,9.3,2.3,5.3
2025-04-23,Казань,3.6,8.7,0.0,3.2
2025-04-24,Казань,2.0,6.2,19.2,2.2
2025-04-25,Казань,4.4,10.8,0.0,2.7
2025-04-26,Казань,2.8,9.7,0.0,1.9
2025-04-27,Казань,6.0,10.4,0.0,4.8
2025-04-28,Казань,2.1,7.9,9.6,3.7
2025-04-29,Казань,0.5,5.5,1.4,5.6
2025-04-30,Казань,4.3,8.6,6.8,2.4
2025-05-01,Казань,5.9,12.1,2.1,3.5
2025-05-02,Казань,6.2,11.9,0.4,0.5
2025-05-03,Казань,2.6,9.5,1.0,1.9
2025-05-04,Казань,4.9,9.3,3.7,2.0
2025-05-05,Казань,7.7,12.6,4.5,6.2
2025-05-06,Казань,7.8,14.0,0.0,8.8
2025-05-07,Казань,8.4,14.8,6.9,3.6
2025-05-08,Казань,8.3,14.5,0.3,3.2
2025-05-09,Казань,8.6,14.0,0.9,4.0
2025-05-10,Казань,7.9,14.6,6.5,3.2
2025-05-11,Казань,10.6,17.4,0.0,9.6
2025-05-12,Казань,13.2,17.8,0.0,4.8
2025-05-13,Казань,11.7,17.3,0.0,1.0
2025-05-14,Казань,11.2,16.5,0.0,2.1
2025-05-15,Казань,12.1,16.1,9.3,5.4
2025-05-16,Казань,11.7,18.1,0.0,4.7
2025-05-17,Казань,12.6,16.9,0.0,6.5
2025-05-18,Казань,9.6,14.8,0.0,0.5
2025-05-19,Казань,9.4,15.9,7.5,1.8
2025-05-20,Казань,13.5,19.6,0.0,2.8
2025-05-21,Казань,14.6,20.7,8.0,5.5
2025-05-22,Казань,9.4,14.9,0.0,4.1
2025-05-23,Казань,7.3,14.1,0.0,2.3
2025-05-24,Казань,11.0,15.4,0.4,3.0
2025-05-25,Казань,7.3,12.6,11.0,2.6
2025-05-26,Казань,5.3,11.2,0.0,5.1
2025-05-27,Казань,9.8,14.8,0.0,6.2
2025-05-28,Казань,12.8,17.7,11.0,11.5
2025-05-29,Казань,12.6,16.6,0.0,1.6
2025-05-30,Казань,9.5,13.5,0.4,8.4
2025-05-31,Казань,7.9,12.8,0.0,0.7
2025-06-01,Казань,10.2,16.9,1.6,2.6
2025-06-02,Казань,15.3,20.4,0.0,1.8
2025-06-03,Казань,17.3,21.3,1.4,3.5
2025-06-04,Казань,15.3,21.7,0.0,2.7
2025-06-05,Казань,12.5,17.1,0.0,3.5
2025-06-06,Казань,12.7,18.9,0.0,2.5
2025-06-07,Казань,13.7,19.6,3.1,10.3
2025-06-08,Казань,18.1,23.1,4.1,3.8
2025-06-09,Казань,14.4,20.6,2.0,2.1
2025-06-10,Казань,14.7,20.7,1.1,5.0
2025-06-11,Казань,18.3,24.3,0.0,8.1
2025-06-12,Казань,21.4,26.9,0.2,1.0
2025-06-13,Казань,22.5,27.4,0.0,3.8
2025-06-14,Казань,18.6,24.2,0.0,2.1
2025-06-15,Казань,15.9,22.6,3.7,6.7
2025-06-16,Казань,19.8,24.2,0.0,4.2
2025-06-17,Казань,16.9,22.9,0.0,4.7
2025-06-18,Казань,17.1,23.6,1.6,1.1
2025-06-19,Казань,21.2,25.5,0.0,7.6
2025-06-20,Казань,23.6,28.7,0.0,5.0
2025-06-21,Казань,20.3,,0.0,11.1
2025-06-22,Казань,18.5,22.5,4.2,1.5
2025-06-23,Казань,18.1,23.6,1.6,4.6
2025-06-24,Казань,17.0,24.0,0.0,8.3
2025-06-25,Казань,17.3,21.6,1.5,6.8
2025-06-26,Казань,16.8,20.8,1.9,3.7
2025-06-27,Казань,14.5,18.5,0.0,5.9
2025-06-28,Казань,13.2,19.9,0.0,0.9
2025-06-29,Казань,16.1,20.4,0.0,4.9
2025-06-30,Казань,17.8,22.0,5.7,6.7
2025-07-01,Казань,15.6,22.0,3.5,5.4
2025-07-02,Казань,15.3,21.1,3.7,1.9
2025-07-03,Казань,16.2,21.7,0.0,4.6
2025-07-04,Казань,15.0,21.0,0.0,2.0
2025-07-05,Казань,15.4,20.6,0.4,4.7
2025-07-06,Казань,17.2,21.8,0.0,3.6
2025-07-07,Казань,15.1,21.9,0.0,6.3
2025-07-08,Казань,14.5,19.2,0.0,3.4
2025-07-09,Казань,16.7,21.3,0.0,3.4
2025-07-10,Казань,18.3,25.1,0.0,3.5
2025-07-11,Казань,19.2,25.5,0.0,1.2
2025-07-12,Казань,18.4,24.3,0.0,4.6
2025-07-13,Казань,18.5,24.7,4.6,7.0
2025-07-14,Казань,18.1,24.7,0.0,1.9
2025-07-15,Казань,18.4,24.7,0.0,5.7
2025-07-16,Казань,17.4,23.4,0.8,3.4
2025-07-17,Казань,17.5,23.5,3.8,4.6
2025-07-18,Казань,18.8,23.4,6.7,4.6
2025-07-19,Казань,17.6,22.5,4.7,4.4
2025-07-20,Казань,16.6,22.0,0.0,5.9
2025-07-21,Казань,14.2,20.9,15.5,7.7
2025-07-22,Казань,15.5,22.3,0.0,4.8
2025-07-23,Казань,16.1,20.1,0.0,7.1
2025-07-24,Казань,17.6,24.1,0.0,6.8
2025-07-25,Казань,18.0,24.2,6.7,3.6
2025-07-26,Казань,17.7,22.8,0.0,1.8
2025-07-27,Казань,18.9,24.8,2.8,6.4
2025-07-28,Казань,20.1,24.4,0.0,6.9
2025-07-29,Казань,17.5,23.6,4.2,5.4
2025-07-30,Казань,17.0,22.9,0.0,4.6
2025-07-31,Казань,16.9,22.7,1.3,4.5
2025-08-01,Казань,19.3,23.6,0.0,5.7
2025-08-02,Казань,20.0,26.9,0.0,2.7
2025-08-03,Казань,17.6,23.6,2.7,3.8
2025-08-04,Казань,18.3,23.4,0.0,3.9
2025-08-05,Казань,17.3,23.2,0.0,1.7
2025-08-06,Казань,15.8,22.6,0.0,1.6
2025-08-07,Казань,21.3,25.4,6.7,1.7
2025-08-08,Казань,18.5,25.1,9.9,11.4
2025-08-09,Казань,21.0,26.5,1.6,6.2
2025-08-10,Казань,21.3,26.9,11.2,6.7
2025-08-11,Казань,19.7,24.2,6.2,0.8
2025-08-12,Казань,16.4,22.3,0.0,4.5
2025-08-13,Казань,16.1,22.2,0.6,3.9
2025-08-14,Казань,16.9,22.1,6.3,4.3
2025-08-15,Казань,15.1,21.1,1.0,4.7
2025-08-16,Казань,19.9,24.5,6.3,7.2
2025-08-17,Казань,15.9,22.2,0.0,3.8
2025-08-18,Казань,18.6,23.9,0.0,8.1
2025-08-19,Казань,16.3,23.0,0.0,3.9
2025-08-20,Казань,14.9,,2.5,2.3
2025-08-21,Казань,16.1,20.2,0.0,1.3
2025-08-22,Казань,11.7,17.1,0.0,5.1
2025-08-23,Казань,11.0,17.5,5.4,4.4
2025-08-24,Казань,13.0,18.6,0.0,3.7
2025-08-25,Казань,18.2,22.9,10.2,3.8
2025-08-26,Казань,15.4,21.5,0.0,2.7
2025-08-27,Казань,13.1,18.0,0.0,4.5
2025-08-28,Казань,11.2,16.2,0.0,3.8
2025-08-29,Казань,10.4,16.3,11.1,1.9
2025-08-30,Казань,6.9,13.6,3.4,11.0
2025-08-31,Казань,10.3,16.5,0.0,1.1
2025-09-01,Казань,9.5,15.2,0.0,2.1
2025-09-02,Казань,12.5,18.4,0.0,2.5
2025-09-03,Казань,12.0,17.3,1.7,1.5
2025-09-04,Казань,12.3,18.8,0.0,8.3
2025-09-05,Казань,10.5,17.4,0.0,4.7
2025-09-06,Казань,9.7,15.4,0.0,3.6
2025-09-07,Казань,11.5,16.8,0.5,3.2
2025-09-08,Казань,13.2,17.4,2.7,5.5
2025-09-09,Казань,13.6,18.7,1.7,1.9
2025-09-10,Казань,12.6,19.5,0.0,3.5
2025-09-11,Казань,8.9,13.9,0.0,7.8
2025-09-12,Казань,9.5,14.7,0.0,6.1
2025-09-13,Казань,11.2,16.7,0.0,1.7
2025-09-14,Казань,9.6,13.9,0.0,1.1
2025-09-15,Казань,5.3,10.8,0.0,7.3
2025-09-16,Казань,9.4,13.7,0.0,1.9
2025-09-17,Казань,8.6,14.6,10.7,5.1
2025-09-18,Казань,5.7,11.5,2.4,6.6
2025-09-19,Казань,4.8,9.4,7.2,7.6
2025-09-20,Казань,1.7,7.7,2.8,4.3
2025-09-21,Казань,5.1,11.6,17.6,3.9
2025-09-22,Казань,5.7,11.3,6.0,0.7
2025-09-23,Казань,13.7,17.9,0.0,4.1
2025-09-24,Казань,11.2,17.4,1.2,8.0
2025-09-25,Казань,10.6,17.4,0.0,2.0
2025-09-26,Казань,7.9,14.4,9.9,5.8
2025-09-27,Казань,7.2,12.3,6.2,2.5
2025-09-28,Казань,6.7,12.3,3.7,2.6
2025-09-29,Казань,5.1,11.6,4.5,
2025-09-30,Казань,3.3,9.0,0.0,5.0
2025-10-01,Казань,2.2,7.1,1.6,4.4
2025-10-02,Казань,1.6,8.4,0.0,3.9
2025-10-03,Казань,2.5,8.6,0.0,2.6
2025-10-04,Казань,3.0,9.8,0.0,1.9
2025-10-05,Казань,3.3,9.2,0.0,1.8
2025-10-06,Казань,5.7,12.3,0.0,6.2
2025-10-07,Казань,6.5,12.6,0.0,1.6
2025-10-08,Казань,4.9,11.7,0.0,1.7
2025-10-09,Казань,2.6,6.8,0.0,3.7
2025-10-10,Казань,2.9,7.7,0.0,2.5
2025-10-11,Казань,4.7,11.1,0.0,3.8
2025-10-12,Казань,2.2,9.1,1.6,2.1
2025-10-13,Казань,5.9,11.4,0.0,7.3
2025-10-14,Казань,0.4,5.6,0.0,3.8
2025-10-15,Казань,2.8,8.7,1.8,1.2
2025-10-16,Казань,1.1,6.7,0.0,5.4
2025-10-17,Казань,-2.7,3.3,7.7,4.9
2025-10-18,Казань,-0.2,5.1,5.0,4.1
2025-10-19,Казань,-0.1,5.1,0.0,2.3
2025-10-20,Казань,-1.1,4.8,0.0,3.7
2025-10-21,Казань,1.2,7.5,0.0,3.2
2025-10-22,Казань,-1.0,3.2,0.0,2.9
2025-10-23,Казань,-5.1,-0.6,0.0,7.2
2025-10-24,Казань,-2.4,3.6,0.0,3.0
2025-10-25,Казань,-3.5,3.4,0.0,3.4
2025-10-26,Казань,-4.5,0.8,11.1,3.1
2025-10-27,Казань,-1.4,4.3,0.0,3.4
2025-10-28,Казань,0.1,5.6,2.8,5.4
2025-10-29,Казань,-2.9,1.7,0.0,0.5
2025-10-30,Казань,-2.0,3.7,0.0,3.7
2025-10-31,Казань,-1.7,4.3,1.6,4.5
2025-11-01,Казань,-1.5,2.9,0.0,0.5
2025-11-02,Казань,-1.0,5.3,0.0,5.0
2025-11-03,Казань,2.3,6.4,0.0,2.3
2025-11-04,Казань,-2.2,4.1,2.1,3.6
2025-11-05,Казань,-2.5,4.4,2.7,5.4
2025-11-06,Казань,-4.1,1.0,0.0,1.5
2025-11-07,Казань,-0.8,6.1,0.0,1.5
2025-11-08,Казань,-1.4,4.9,0.0,4.6
2025-11-09,Казань,0.8,4.9,0.0,10.4
2025-11-10,Казань,-5.1,0.5,0.0,2.6
2025-11-11,Казань,-3.9,0.5,0.0,1.2
2025-11-12,Казань,-2.9,2.0,4.8,3.1
2025-11-13,Казань,-4.0,2.9,0.0,4.2
2025-11-14,Казань,-4.8,-0.1,1.3,2.2
2025-11-15,Казань,-5.0,0.4,0.0,3.4
2025-11-16,Казань,-6.5,0.0,15.8,3.3
2025-11-17,Казань,-7.6,-3.5,3.7,2.3
2025-11-18,Казань,-6.6,-2.5,2.7,3.1
2025-11-19,Казань,-8.8,-3.0,2.1,3.9
2025-11-20,Казань,-4.1,2.6,2.2,10.6
2025-11-21,Казань,-6.1,0.8,0.7,2.8
2025-11-22,Казань,-3.6,3.3,5.3,4.9
2025-11-23,Казань,-2.4,2.5,0.6,2.5
2025-11-24,Казань,-5.4,1.6,0.1,1.1
2025-11-25,Казань,-8.0,-1.9,0.0,7.0
2025-11-26,Казань,-7.0,-1.9,0.0,3.4
2025-11-27,Казань,-8.7,-2.3,0.0,4.8
2025-11-28,Казань,-9.7,-3.2,0.0,2.7
2025-11-29,Казань,-8.3,-1.5,0.0,1.2
2025-11-30,Казань,-7.4,-1.4,4.6,4.4
2025-12-01,Казань,-7.6,-2.0,5.3,5.1
2025-12-02,Казань,-7.3,-3.2,2.6,5.0
2025-12-03,Казань,-5.2,-1.2,0.0,4.1
2025-12-04,Казань,-4.2,0.7,0.0,7.0
2025-12-05,Казань,-6.2,-1.3,0.0,1.6
2025-12-06,Казань,-9.3,-3.2,0.0,2.3
2025-12-07,Казань,-7.0,-1.0,1.5,2.3
2025-12-08,Казань,-4.1,1.4,5.3,1.8
2025-12-09,Казань,-6.1,-1.2,0.0,3.9
2025-12-10,Казань,-10.0,-3.8,0.0,3.4
2025-12-11,Казань,-9.8,-4.1,0.0,4.0
2025-12-12,Казань,-8.1,-2.0,0.4,2.8
2025-12-13,Казань,-10.8,-5.9,0.0,0.8
2025-12-14,Казань,-13.9,-7.6,0.0,2.7
2025-12-15,Казань,-9.9,-3.7,0.0,2.5
2025-12-16,Казань,-10.2,-6.1,2.1,3.7
2025-12-17,Казань,-11.2,-5.7,1.3,4.7
2025-12-18,Казань,-11.1,-6.3,0.0,1.9
2025-12-19,Казань,-10.8,-5.0,0.0,6.7
2025-12-20,Казань,-14.0,-8.4,0.0,1.4
2025-12-21,Казань,-14.6,-8.8,0.0,3.9
2025-12-22,Казань,-16.8,-11.6,3.1,6.2
2025-12-23,Казань,-15.3,-10.4,1.7,1.7
2025-12-24,Казань,-8.2,-3.4,0.0,1.5
2025-12-25,Казань,-10.6,-4.8,13.5,3.3
2025-12-26,Казань,-11.4,-5.1,0.2,3.7
2025-12-27,Казань,-10.1,-4.4,0.0,7.8
2025-12-28,Казань,-14.5,-8.0,0.0,5.4
2025-12-29,Казань,-10.5,-4.2,0.0,5.6
2025-12-30,Казань,-12.0,-6.3,0.3,4.3
2025-12-31,Казань,-14.5,-8.4,9.1,1.0
2025-01-01,Новосибирск,-21.6,-15.3,2.3,1.9
2025-01-02,Новосибирск,-20.0,-15.7,4.5,3.4
2025-01-03,Новосибирск,-17.6,-13.0,7.5,2.1
2025-01-04,Новосибирск,-17.9,-11.9,0.0,5.5
2025-01-05,Новосибирск,-13.3,-8.5,0.6,1.5
2025-01-06,Новосибирск,-17.8,-12.2,0.4,2.7
2025-01-07,Новосибирск,-18.0,-11.3,0.0,3.9
2025-01-08,Новосибирск,-16.9,-10.4,0.0,1.5
2025-01-09,Новосибирск,-18.2,-11.9,0.0,1.6
2025-01-10,Новосибирск,-20.2,-14.2,0.0,3.4
2025-01-11,Новосибирск,-24.5,-18.0,0.0,0.5
2025-01-12,Новосибирск,-26.0,-20.7,0.0,7.4
2025-01-13,Новосибирск,-20.9,-16.4,0.0,4.9
2025-01-14,Новосибирск,-22.0,-15.5,0.0,4.2
2025-01-15,Новосибирск,-19.5,-14.0,0.0,5.2
2025-01-16,Новосибирск,-18.9,-12.8,0.0,0.8
2025-01-17,Новосибирск,-16.3,-10.9,0.0,2.7
2025-01-18,Новосибирск,-21.0,-14.1,0.0,4.5
2025-01-19,Новосибирск,-18.8,-12.8,1.5,5.6
2025-01-20,Новосибирск,-20.5,-13.8,0.0,5.1
2025-01-21,Новосибирск,-23.9,-17.8,2.6,3.6
2025-01-22,Новосибирск,-24.2,-17.6,0.0,3.8
2025-01-23,Новосибирск,-22.4,-18.1,11.2,7.2
2025-01-24,Новосибирск,-24.0,-18.3,5.0,3.9
2025-01-25,Новосибирск,-22.5,-16.2,0.3,1.4
2025-01-26,Новосибирск,-21.1,-15.7,0.0,6.9
2025-01-27,Новосибирск,-22.2,-16.1,1.7,1.4
2025-01-28,Новосибирск,-21.9,-16.5,0.0,2.5
2025-01-29,Новосибирск,-22.3,-17.1,0.0,5.8
2025-01-30,Новосибирск,-19.6,-15.0,0.0,2.7
2025-01-31,Новосибирск,-19.2,-13.4,0.0,2.2
2025-02-01,Новосибирск,-16.6,-11.4,8.2,2.2
2025-02-02,Новосибирск,-17.1,-11.5,0.0,2.1
2025-02-03,Новосибирск,-19.1,-14.5,0.0,4.8
2025-02-04,Новосибирск,-15.7,-11.6,0.0,3.3
2025-02-05,Новосибирск,-18.8,-14.8,2.7,3.2
2025-02-06,Новосибирск,-22.2,-15.3,0.3,7.7
2025-02-07,Новосибирск,-20.2,-14.3,1.6,1.2
2025-02-08,Новосибирск,-21.3,-15.2,0.6,3.4
2025-02-09,Новосибирск,-23.8,-16.9,0.8,1.2
2025-02-10,Новосибирск,-18.9,-14.8,0.0,3.2
2025-02-11,Новосибирск,-20.1,-14.8,0.0,5.6
2025-02-12,Новосибирск,-22.4,-15.7,0.0,1.6
2025-02-13,Новосибирск,-20.2,-14.9,7.3,3.2
2025-02-14,Новосибирск,-15.8,-11.7,0.0,2.8
2025-02-15,Новосибирск,-18.0,-12.0,0.0,4.6
2025-02-16,Новосибирск,-16.3,-10.7,6.3,2.7
2025-02-17,Новосибирск,-18.2,-12.1,0.5,6.8
2025-02-18,Новосибирск,-17.0,-12.2,0.0,4.8
2025-02-19,Новосибирск,-14.0,-9.8,2.0,3.4
2025-02-20,Новосибирск,-13.8,-8.6,3.3,1.8
2025-02-21,Новосибирск,-17.0,-10.6,2.5,1.5
2025-02-22,Новосибирск,-16.9,-12.1,0.0,8.5
2025-02-23,Новосибирск,-16.8,-10.9,0.0,1.0
2025-02-24,Новосибирск,-16.2,-11.3,0.0,3.1
2025-02-25,Новосибирск,-19.5,-12.8,0.0,4.2
2025-02-26,Новосибирск,-18.2,-13.0,0.0,3.2
2025-02-27,Новосибирск,-17.8,-11.8,6.7,0.5
2025-02-28,Новосибирск,-16.3,-10.5,0.0,2.4
2025-03-01,Новосибирск,-13.5,-7.9,0.0,4.1
2025-03-02,Новосибирск,-13.0,-9.0,2.6,4.5
2025-03-03,Новосибирск,-13.4,-8.3,4.8,4.8
2025-03-04,Новосибирск,-14.2,-8.7,0.0,3.6
2025-03-05,Новосибирск,-16.4,-10.6,3.2,4.2
2025-03-06,Новосибирск,-14.9,-9.2,0.0,3.4
2025-03-07,Новосибирск,-14.8,-8.6,0.0,3.3
2025-03-08,Новосибирск,-14.5,-9.4,0.0,1.4
2025-03-09,Новосибирск,-11.4,-5.4,1.1,2.3
2025-03-10,Новосибирск,-12.1,-6.1,5.1,1.5
2025-03-11,Новосибирск,-9.9,-5.4,1.8,3.6
2025-03-12,Новосибирск,-11.6,-6.5,1.6,2.7
2025-03-13,Новосибирск,-13.5,-7.9,2.7,5.1
2025-03-14,Новосибирск,-13.3,-8.4,1.7,2.3
2025-03-15,Новосибирск,-11.2,-5.6,0.0,1.8
2025-03-16,Новосибирск,-10.0,-4.0,0.0,2.8
2025-03-17,Новосибирск,-6.1,-0.2,0.2,3.5
2025-03-18,Новосибирск,-5.6,0.2,0.0,2.7
2025-03-19,Новосибирск,-7.2,-2.6,0.0,5.9
2025-03-20,Новосибирск,-6.6,0.4,0.0,2.6
2025-03-21,Новосибирск,-4.8,0.1,0.0,3.5
2025-03-22,Новосибирск,-5.0,0.5,0.1,4.6
2025-03-23,Новосибирск,-6.6,-1.9,0.0,2.1
2025-03-24,Новосибирск,-9.5,-5.2,0.0,2.7
2025-03-25,Новосибирск,-9.8,-5.7,0.0,1.8
2025-03-26,Новосибирск,-11.2,-5.1,0.7,4.2
2025-03-27,Новосибирск,-9.8,-3.4,1.4,3.2
2025-03-28,Новосибирск,-3.8,0.5,0.0,4.4
2025-03-29,Новосибирск,-4.6,0.6,0.0,4.3
2025-03-30,Новосибирск,-5.6,0.3,0.0,3.5
2025-03-31,Новосибирск,-3.7,1.3,3.2,4.7
2025-04-01,Новосибирск,-3.7,2.1,3.8,3.0
2025-04-02,Новосибирск,-1.8,2.4,0.0,2.6
2025-04-03,Новосибирск,0.8,5.1,0.0,4.0
2025-04-04,Новосибирск,-3.2,3.4,0.0,6.0
2025-04-05,Новосибирск,-2.5,1.9,0.0,3.9
2025-04-06,Новосибирск,-5.5,1.3,0.0,1.6
2025-04-07,Новосибирск,-1.5,3.7,8.5,7.8
2025-04-08,Новосибирск,0.8,7.4,9.2,3.0
2025-04-09,Новосибирск,-3.6,1.8,13.5,2.8
2025-04-10,Новосибирск,-2.0,2.6,0.0,2.1
2025-04-11,Новосибирск,2.2,7.9,0.0,3.6
2025-04-12,Новосибирск,0.7,7.5,3.3,1.6
2025-04-13,Новосибирск,-0.8,6.2,0.0,4.8
2025-04-14,Новосибирск,2.8,8.2,2.0,2.7
2025-04-15,Новосибирск,2.4,6.8,0.1,3.4
2025-04-16,Новосибирск,0.3,7.2,1.7,2.2
2025-04-17,Новосибирск,0.9,5.4,0.0,5.2
2025-04-18,Новосибирск,3.0,9.2,0.0,1.3
2025-04-19,Новосибирск,1.6,6.2,2.9,1.7
2025-04-20,Новосибирск,-1.6,2.5,0.0,2.9
2025-04-21,Новосибирск,-4.8,0.2,5.5,1.9
2025-04-22,Новосибирск,-5.7,-0.3,0.0,5.0
2025-04-23,Новосибирск,-3.4,1.5,0.0,5.5
2025-04-24,Новосибирск,-1.9,4.6,0.0,6.0
2025-04-25,Новосибирск,0.9,6.3,4.5,1.5
2025-04-26,Новосибирск,0.2,6.5,0.0,1.4
2025-04-27,Новосибирск,0.0,6.1,0.0,4.7
2025-04-28,Новосибирск,3.4,7.4,0.0,4.0
2025-04-29,Новосибирск,1.2,6.6,0.0,1.8
2025-04-30,Новосибирск,-1.2,5.3,3.9,2.9
2025-05-01,Новосибирск,0.9,5.9,6.1,12.9
2025-05-02,Новосибирск,1.2,6.2,5.6,1.5
2025-05-03,Новосибирск,2.0,7.0,0.0,3.5
2025-05-04,Новосибирск,0.7,6.2,0.0,6.2
2025-05-05,Новосибирск,1.1,5.3,0.0,2.7
2025-05-06,Новосибирск,-1.6,3.1,5.5,2.9
2025-05-07,Новосибирск,-2.8,3.5,11.3,3.8
2025-05-08,Новосибирск,-0.2,6.5,3.1,1.2
2025-05-09,Новосибирск,2.5,9.0,0.0,7.5
2025-05-10,Новосибирск,7.7,13.0,0.0,5.7
2025-05-11,Новосибирск,8.6,14.3,1.8,5.6
2025-05-12,Новосибирск,2.5,9.0,0.0,4.6
2025-05-13,Новосибирск,7.4,11.6,0.0,3.0
2025-05-14,Новосибирск,7.0,11.6,0.0,2.7
2025-05-15,Новосибирск,4.9,11.5,0.0,4.5
2025-05-16,Новосибирск,1.7,7.1,0.0,7.5
2025-05-17,Новосибирск,4.2,8.7,0.0,2.2
2025-05-18,Новосибирск,1.5,8.5,0.1,3.1
2025-05-19,Новосибирск,-1.5,2.6,0.0,2.8
2025-05-20,Новосибирск,6.5,10.5,1.1,9.5
2025-05-21,Новосибирск,9.3,15.8,4.6,5.6
2025-05-22,Новосибирск,9.5,13.6,0.0,5.3
2025-05-23,Новосибирск,6.8,12.7,0.0,3.2
2025-05-24,Новосибирск,7.6,13.4,0.2,3.0
2025-05-25,Новосибирск,6.2,13.0,0.0,8.3
2025-05-26,Новосибирск,4.9,11.9,0.0,5.6
2025-05-27,Новосибирск,6.0,12.2,0.0,1.7
2025-05-28,Новосибирск,10.3,15.3,0.0,6.2
2025-05-29,Новосибирск,12.9,17.7,1.2,1.3
2025-05-30,Новосибирск,11.3,17.2,0.0,5.8
2025-05-31,Новосибирск,9.7,13.8,0.4,3.5
2025-06-01,Новосибирск,11.4,17.6,0.0,6.1
2025-06-02,Новосибирск,10.4,17.3,1.3,5.5
2025-06-03,Новосибирск,13.1,17.7,0.0,0.9
2025-06-04,Новосибирск,17.7,22.1,1.3,4.1
2025-06-05,Новосибирск,16.1,21.6,0.5,3.4
2025-06-06,Новосибирск,18.5,25.4,0.0,1.3
2025-06-07,Новосибирск,13.6,18.3,0.0,3.9
2025-06-08,Новосибирск,11.6,17.1,0.0,2.8
2025-06-09,Новосибирск,16.3,23.0,0.0,2.5
2025-06-10,Новосибирск,14.3,21.2,0.0,2.2
2025-06-11,Новосибирск,14.1,19.3,8.6,3.3
2025-06-12,Новосибирск,13.3,19.6,0.0,4.5
2025-06-13,Новосибирск,17.4,22.6,0.0,1.4
2025-06-14,Новосибирск,16.8,22.0,0.0,2.9
2025-06-15,Новосибирск,16.7,22.0,0.0,10.9
2025-06-16,Новосибирск,20.8,25.0,0.0,2.5
2025-06-17,Новосибирск,20.0,26.0,0.5,2.7
2025-06-18,Новосибирск,17.7,22.9,0.0,4.5
2025-06-19,Новосибирск,15.7,21.7,0.0,3.8
2025-06-20,Новосибирск,19.9,24.1,0.0,5.9
2025-06-21,Новосибирск,18.0,24.9,4.3,2.8
2025-06-22,Новосибирск,19.8,23.9,0.0,5.1
2025-06-23,Новосибирск,19.5,25.2,0.0,4.2
2025-06-24,Новосибирск,17.3,23.9,0.0,3.6
2025-06-25,Новосибирск,16.7,23.6,0.0,3.3
2025-06-26,Новосибирск,19.0,24.2,0.0,4.7
2025-06-27,Новосибирск,18.8,23.9,0.0,2.4
2025-06-28,Новосибирск,22.8,28.0,0.0,5.9
2025-06-29,Новосибирск,18.9,23.8,0.0,3.4
2025-06-30,Новосибирск,20.2,26.3,0.5,5.1
2025-07-01,Новосибирск,17.7,23.5,7.6,2.8
2025-07-02,Новосибирск,18.9,24.9,0.0,3.6
2025-07-03,Новосибирск,18.9,23.2,1.0,1.7
2025-07-04,Новосибирск,23.2,27.8,0.0,1.1
2025-07-05,Новосибирск,22.4,27.5,0.0,2.4
2025-07-06,Новосибирск,21.9,28.0,8.3,1.0
2025-07-07,Новосибирск,18.9,25.9,0.0,3.3
2025-07-08,Новосибирск,18.7,23.9,0.0,4.6
2025-07-09,Новосибирск,19.4,26.2,0.0,3.5
2025-07-10,Новосибирск,21.0,27.7,0.0,6.3
2025-07-11,Новосибирск,25.5,30.5,0.0,4.6
2025-07-12,Новосибирск,23.8,28.4,0.1,5.1
2025-07-13,Новосибирск,20.4,26.0,0.0,7.4
2025-07-14,Новосибирск,20.6,25.6,0.0,0.7
2025-07-15,Новосибирск,21.9,26.2,2.8,4.4
2025-07-16,Новосибирск,23.0,28.5,8.2,6.5
2025-07-17,Новосибирск,20.0,26.9,0.0,6.8
2025-07-18,Новосибирск,22.9,28.9,0.0,7.6
2025-07-19,Новосибирск,19.4,23.5,6.1,4.4
2025-07-20,Новосибирск,18.5,24.2,2.6,5.8
2025-07-21,Новосибирск,17.4,22.3,0.0,6.0
2025-07-22,Новосибирск,17.4,22.4,0.0,6.1
2025-07-23,Новосибирск,18.3,22.8,1.9,2.2
2025-07-24,Новосибирск,17.8,24.1,8.3,1.9
2025-07-25,Новосибирск,19.4,24.1,0.0,3.1
2025-07-26,Новосибирск,18.0,22.1,2.9,4.1
2025-07-27,Новосибирск,18.7,24.6,0.0,4.1
2025-07-28,Новосибирск,15.3,20.5,0.0,3.0
2025-07-29,Новосибирск,16.4,23.0,3.9,3.4
2025-07-30,Новосибирск,18.9,23.2,1.7,4.9
2025-07-31,Новосибирск,20.1,26.8,0.0,3.8
2025-08-01,Новосибирск,20.8,27.4,0.4,2.4
2025-08-02,Новосибирск,22.6,26.6,0.0,4.5
2025-08-03,Новосибирск,24.6,30.3,0.0,
2025-08-04,Новосибирск,24.0,30.7,0.7,5.7
2025-08-05,Новосибирск,23.0,28.1,0.2,3.0
2025-08-06,Новосибирск,21.4,26.4,1.5,2.1
2025-08-07,Новосибирск,19.3,25.2,0.0,3.5
2025-08-08,Новосибирск,17.6,22.4,3.0,6.9
2025-08-09,Новосибирск,18.3,23.3,0.0,6.4
2025-08-10,Новосибирск,17.3,22.2,0.0,1.9
2025-08-11,Новосибирск,14.5,20.7,0.0,5.0
2025-08-12,Новосибирск,19.8,23.9,0.0,0.9
2025-08-13,Новосибирск,18.2,22.9,0.0,2.0
2025-08-14,Новосибирск,15.9,22.6,8.2,3.0
2025-08-15,Новосибирск,18.7,23.3,9.2,9.5
2025-08-16,Новосибирск,15.8,20.1,0.0,5.3
2025-08-17,Новосибирск,11.7,18.1,4.1,1.4
2025-08-18,Новосибирск,9.1,14.3,2.3,3.8
2025-08-19,Новосибирск,12.5,18.0,2.5,3.1
2025-08-20,Новосибирск,14.2,18.7,0.0,2.7
2025-08-21,Новосибирск,14.7,19.4,0.0,3.8
2025-08-22,Новосибирск,13.8,17.9,0.0,3.2
2025-08-23,Новосибирск,10.1,16.4,5.1,1.9
2025-08-24,Новосибирск,12.0,17.7,0.4,0.5
2025-08-25,Новосибирск,7.0,13.1,0.0,2.6
2025-08-26,Новосибирск,8.4,13.5,0.7,2.6
2025-08-27,Новосибирск,8.3,13.7,0.0,6.0
2025-08-28,Новосибирск,8.0,13.2,2.6,1.1
2025-08-29,Новосибирск,9.0,15.2,0.0,3.3
2025-08-30,Новосибирск,7.5,13.0,0.0,1.8
2025-08-31,Новосибирск,4.2,9.9,0.0,1.1
2025-09-01,Новосибирск,6.7,11.8,2.5,3.7
2025-09-02,Новосибирск,10.1,16.4,0.0,1.8
2025-09-03,Новосибирск,15.4,21.4,0.0,5.9
2025-09-04,Новосибирск,12.9,19.6,0.7,10.1
2025-09-05,Новосибирск,9.7,13.9,1.1,3.8
2025-09-06,Новосибирск,6.9,12.5,0.0,4.9
2025-09-07,Новосибирск,6.5,13.3,3.5,0.8
2025-09-08,Новосибирск,8.7,14.0,0.0,3.6
2025-09-09,Новосибирск,7.9,13.7,13.5,2.0
2025-09-10,Новосибирск,8.7,14.6,0.0,2.7
2025-09-11,Новосибирск,8.5,13.8,1.5,3.7
2025-09-12,Новосибирск,9.8,14.3,0.9,3.2
2025-09-13,Новосибирск,9.7,14.4,0.0,3.3
2025-09-14,Новосибирск,6.3,11.8,0.0,1.2
2025-09-15,Новосибирск,8.4,13.5,0.0,1.9
2025-09-16,Новосибирск,9.0,15.4,3.5,5.0
2025-09-17,Новосибирск,7.2,13.5,6.3,4.1
2025-09-18,Новосибирск,3.3,10.1,0.0,1.9
2025-09-19,Новосибирск,5.1,10.6,0.0,2.3
2025-09-20,Новосибирск,4.9,10.3,0.0,0.6
2025-09-21,Новосибирск,4.9,11.4,0.0,5.9
2025-09-22,Новосибирск,8.2,13.5,6.1,2.9
2025-09-23,Новосибирск,5.2,9.3,0.0,6.0
2025-09-24,Новосибирск,1.6,7.2,0.0,6.3
2025-09-25,Новосибирск,2.4,9.0,3.0,6.3
2025-09-26,Новосибирск,5.1,9.6,0.0,2.6
2025-09-27,Новосибирск,4.3,9.7,0.0,15.7
2025-09-28,Новосибирск,7.2,11.5,0.0,7.5
2025-09-29,Новосибирск,4.3,8.8,7.0,3.8
2025-09-30,Новосибирск,5.7,10.4,2.8,4.7
2025-10-01,Новосибирск,5.9,10.2,3.4,3.0
2025-10-02,Новосибирск,5.5,11.8,0.0,1.6
2025-10-03,Новосибирск,5.1,10.8,0.0,4.7
2025-10-04,Новосибирск,3.4,7.7,0.0,4.5
2025-10-05,Новосибирск,7.1,13.6,0.1,2.6
2025-10-06,Новосибирск,5.3,10.2,0.0,3.5
2025-10-07,Новосибирск,3.0,8.2,0.1,0.5
2025-10-08,Новосибирск,2.2,6.4,0.0,2.2
2025-10-09,Новосибирск,0.9,6.4,0.1,2.6
2025-10-10,Новосибирск,2.5,8.1,0.0,3.9
2025-10-11,Новосибирск,0.5,5.6,0.0,6.2
2025-10-12,Новосибирск,1.4,7.8,0.0,4.1
2025-10-13,Новосибирск,1.6,5.9,0.0,4.9
2025-10-14,Новосибирск,-2.4,3.2,0.0,6.2
2025-10-15,Новосибирск,-1.3,3.0,0.0,7.7
2025-10-16,Новосибирск,-1.9,4.3,0.0,4.6
2025-10-17,Новосибирск,-1.4,4.6,2.2,0.8
2025-10-18,Новосибирск,-1.8,5.1,0.0,3.4
2025-10-19,Новосибирск,1.2,6.0,4.9,0.9
2025-10-20,Новосибирск,-1.2,5.2,11.0,2.9
2025-10-21,Новосибирск,-4.0,2.9,0.0,2.7
2025-10-22,Новосибирск,-5.8,-0.1,0.9,3.1
2025-10-23,Новосибирск,-4.1,2.7,0.0,6.8
2025-10-24,Новосибирск,-2.9,1.6,1.8,4.7
2025-10-25,Новосибирск,-5.6,0.1,0.0,1.4
2025-10-26,Новосибирск,-3.3,1.4,0.0,1.0
2025-10-27,Новосибирск,-5.8,-1.7,0.0,2.4
2025-10-28,Новосибирск,-8.1,-2.9,0.0,4.1
2025-10-29,Новосибирск,-3.0,2.5,3.8,3.5
2025-10-30,Новосибирск,-7.0,-0.5,0.0,1.0
2025-10-31,Новосибирск,-14.1,-8.4,0.0,3.9
2025-11-01,Новосибирск,-10.7,-4.1,6.6,5.6
2025-11-02,Новосибирск,-12.2,-6.1,0.0,4.7
2025-11-03,Новосибирск,-9.9,-5.5,0.0,5.8
2025-11-04,Новосибирск,-10.0,-5.8,6.0,1.3
2025-11-05,Новосибирск,-8.1,-2.0,2.5,8.1
2025-11-06,Новосибирск,-7.4,-1.9,0.9,2.5
2025-11-07,Новосибирск,-8.6,-4.2,0.0,2.9
2025-11-08,Новосибирск,-5.7,0.9,1.9,5.0
2025-11-09,Новосибирск,-6.9,-1.4,0.0,4.4
2025-11-10,Новосибирск,-13.1,-8.2,7.7,3.7
2025-11-11,Новосибирск,-13.1,-6.5,0.0,2.3
2025-11-12,Новосибирск,-12.5,-7.6,0.0,2.0
2025-11-13,Новосибирск,-15.4,-9.4,1.1,3.1
2025-11-14,Новосибирск,-12.0,-6.2,8.7,2.0
2025-11-15,Новосибирск,-12.5,-8.0,0.0,3.4
2025-11-16,Новосибирск,-11.9,-5.8,5.2,3.9
2025-11-17,Новосибирск,-11.5,-6.5,0.0,6.3
2025-11-18,Новосибирск,-15.2,-9.3,0.9,1.7
2025-11-19,Новосибирск,-11.2,-6.5,0.0,5.6
2025-11-20,Новосибирск,-12.6,-7.7,0.0,2.5
2025-11-21,Новосибирск,-13.1,-8.9,0.0,3.3
2025-11-22,Новосибирск,-12.5,-7.3,0.0,3.0
2025-11-23,Новосибирск,-13.6,-9.4,0.0,4.7
2025-11-24,Новосибирск,-16.3,-11.9,0.0,2.8
2025-11-25,Новосибирск,-14.9,-10.0,0.0,3.2
2025-11-26,Новосибирск,-13.9,-7.6,6.5,2.6
2025-11-27,Новосибирск,-14.6,-10.2,1.2,4.4
2025-11-28,Новосибирск,-11.4,-7.2,15.7,3.3
2025-11-29,Новосибирск,-16.8,-12.7,1.6,3.3
2025-11-30,Новосибирск,-16.4,-10.2,0.0,4.9
2025-12-01,Новосибирск,-15.4,-8.6,0.8,2.4
2025-12-02,Новосибирск,-13.9,-9.3,0.0,4.0
2025-12-03,Новосибирск,-18.5,-13.5,0.0,1.8
2025-12-04,Новосибирск,-14.6,-9.4,0.0,4.6
2025-12-05,Новосибирск,-13.2,-8.1,0.0,1.5
2025-12-06,Новосибирск,-14.1,-8.2,0.0,2.8
2025-12-07,Новосибирск,-17.0,-11.9,0.0,2.9
2025-12-08,Новосибирск,-17.1,-12.1,0.0,3.8
2025-12-09,Новосибирск,-16.8,-10.4,1.2,4.3
2025-12-10,Новосибирск,-14.4,-7.7,0.0,5.1
2025-12-11,Новосибирск,-16.4,-10.3,0.0,2.1
2025-12-12,Новосибирск,-15.9,-10.7,0.0,2.1
2025-12-13,Новосибирск,-16.9,-11.7,0.0,5.5
2025-12-14,Новосибирск,-15.1,-10.3,8.3,1.7
2025-12-15,Новосибирск,-14.2,-9.4,0.0,3.9
2025-12-16,Новосибирск,-13.2,-7.1,0.6,3.8
2025-12-17,Новосибирск,-17.0,-12.9,0.0,1.9
2025-12-18,Новосибирск,-19.9,-15.4,0.0,8.7
2025-12-19,Новосибирск,-20.4,-15.0,0.0,1.1
2025-12-20,Новосибирск,-18.5,-13.2,5.2,6.0
2025-12-21,Новосибирск,-16.0,-11.7,2.6,7.8
2025-12-22,Новосибирск,-15.3,-10.8,0.0,5.0
2025-12-23,Новосибирск,-10.4,-4.5,5.7,14.1
2025-12-24,Новосибирск,-12.3,-6.0,8.4,4.1
2025-12-25,Новосибирск,-12.3,-6.4,0.0,3.6
2025-12-26,Новосибирск,-10.9,-4.4,1.0,2.4
2025-12-27,Новосибирск,-13.6,-8.5,6.5,4.0
2025-12-28,Новосибирск,-17.2,-11.0,1.3,3.7
2025-12-29,Новосибирск,-16.0,-11.2,0.0,4.3
2025-12-30,Новосибирск,-17.5,-12.9,7.9,1.4
2025-12-31,Новосибирск,-20.7,-14.2,0.0,5.7
2025-01-01,Сочи,5.8,12.4,0.0,3.8
2025-01-02,Сочи,3.7,8.5,0.0,1.5
2025-01-03,Сочи,-0.3,3.9,0.0,5.9
2025-01-04,Сочи,0.4,5.7,2.0,7.9
2025-01-05,Сочи,-3.4,3.3,7.4,2.2
2025-01-06,Сочи,3.1,9.2,23.1,4.0
2025-01-07,Сочи,6.2,10.8,0.0,4.0
2025-01-08,Сочи,5.2,11.2,0.0,4.7
2025-01-09,Сочи,4.0,10.5,18.5,7.0
2025-01-10,Сочи,5.9,12.5,0.0,8.2
2025-01-11,Сочи,7.4,13.6,0.0,2.2
2025-01-12,Сочи,6.0,11.9,0.0,3.8
2025-01-13,Сочи,5.9,10.4,34.4,2.6
2025-01-14,Сочи,5.1,11.7,5.1,3.6
2025-01-15,Сочи,4.9,11.2,0.0,7.0
2025-01-16,Сочи,4.3,10.5,6.5,4.9
2025-01-17,Сочи,4.7,9.4,0.0,2.9
2025-01-18,Сочи,6.2,12.2,5.8,5.4
2025-01-19,Сочи,5.4,11.0,10.8,5.7
2025-01-20,Сочи,0.6,6.3,0.0,1.4
2025-01-21,Сочи,1.0,6.8,0.0,4.9
2025-01-22,Сочи,2.7,6.9,23.1,7.4
2025-01-23,Сочи,1.4,6.1,8.5,0.5
2025-01-24,Сочи,-1.2,3.7,0.9,5.6
2025-01-25,Сочи,0.8,5.4,1.7,2.4
2025-01-26,Сочи,1.6,6.0,0.0,5.2
2025-01-27,Сочи,2.7,7.0,1.0,4.4
2025-01-28,Сочи,5.1,10.8,0.1,1.1
2025-01-29,Сочи,4.7,9.4,0.0,3.7
2025-01-30,Сочи,7.0,12.8,0.0,5.2
2025-01-31,Сочи,7.6,11.7,0.0,3.1
2025-02-01,Сочи,6.5,11.4,0.0,1.3
2025-02-02,Сочи,6.3,11.7,10.3,10.2
2025-02-03,Сочи,3.4,10.2,0.0,2.9
2025-02-04,Сочи,3.6,9.3,0.0,7.7
2025-02-05,Сочи,4.2,10.7,0.0,1.9
2025-02-06,Сочи,7.7,13.2,0.6,7.7
2025-02-07,Сочи,9.7,14.2,0.0,7.9
2025-02-08,Сочи,8.2,14.9,0.0,9.6
2025-02-09,Сочи,9.4,15.3,0.0,4.2
2025-02-10,Сочи,7.8,12.9,0.0,1.7
2025-02-11,Сочи,6.0,10.5,0.0,6.6
2025-02-12,Сочи,1.9,6.5,0.0,1.2
2025-02-13,Сочи,5.2,10.5,0.0,5.4
2025-02-14,Сочи,8.9,15.5,0.0,2.7
2025-02-15,Сочи,10.8,16.2,0.0,10.5
2025-02-16,Сочи,6.8,13.5,0.0,1.5
2025-02-17,Сочи,7.4,13.6,0.0,9.5
2025-02-18,Сочи,5.8,11.3,8.9,2.0
2025-02-19,Сочи,7.5,14.2,0.0,4.1
2025-02-20,Сочи,5.4,12.1,0.0,1.9
2025-02-21,Сочи,8.4,12.7,12.8,5.5
2025-02-22,Сочи,6.0,10.2,0.0,5.6
2025-02-23,Сочи,3.4,8.8,0.0,4.6
2025-02-24,Сочи,3.3,9.1,0.0,3.0
2025-02-25,Сочи,7.8,12.9,0.0,4.4
2025-02-26,Сочи,8.1,13.4,2.4,5.2
2025-02-27,Сочи,8.4,13.4,1.8,2.3
2025-02-28,Сочи,5.4,10.7,0.0,10.6
2025-03-01,Сочи,7.3,12.0,0.0,2.1
2025-03-02,Сочи,11.4,16.0,0.0,6.9
2025-03-03,Сочи,10.1,14.6,15.9,2.5
2025-03-04,Сочи,4.1,11.0,7.9,2.4
2025-03-05,Сочи,3.7,10.2,0.0,3.8
2025-03-06,Сочи,5.0,11.2,0.0,4.2
2025-03-07,Сочи,8.5,12.9,5.6,3.7
2025-03-08,Сочи,6.8,13.5,0.0,4.2
2025-03-09,Сочи,9.4,15.5,0.0,2.0
2025-03-10,Сочи,12.2,17.2,0.0,1.3
2025-03-11,Сочи,12.0,18.2,6.7,1.5
2025-03-12,Сочи,10.3,17.3,0.0,5.9
2025-03-13,Сочи,9.8,16.4,0.0,1.0
2025-03-14,Сочи,8.1,13.6,5.4,3.8
2025-03-15,Сочи,5.6,12.1,4.2,4.2
2025-03-16,Сочи,6.0,11.0,3.5,5.5
2025-03-17,Сочи,6.6,12.5,0.0,1.6
2025-03-18,Сочи,6.2,12.1,0.0,4.1
2025-03-19,Сочи,6.3,10.7,0.0,3.2
2025-03-20,Сочи,8.1,12.7,0.0,1.5
2025-03-21,Сочи,3.7,9.5,0.0,2.0
2025-03-22,Сочи,8.6,13.0,0.0,4.9
2025-03-23,Сочи,7.4,14.3,0.0,2.4
2025-03-24,Сочи,9.9,15.6,0.0,5.2
2025-03-25,Сочи,10.0,16.4,0.0,5.7
2025-03-26,Сочи,9.3,15.5,0.0,2.0
2025-03-27,Сочи,9.8,14.3,0.0,2.2
2025-03-28,Сочи,15.9,19.9,0.0,5.7
2025-03-29,Сочи,21.9,26.7,0.0,2.5
2025-03-30,Сочи,16.0,21.1,0.0,1.6
2025-03-31,Сочи,13.3,17.7,0.0,2.6
2025-04-01,Сочи,9.5,15.7,8.4,7.7
2025-04-02,Сочи,13.0,17.0,0.0,3.9
2025-04-03,Сочи,11.1,18.1,0.0,3.6
2025-04-04,Сочи,16.1,20.9,0.0,5.2
2025-04-05,Сочи,13.8,19.3,0.0,5.3
2025-04-06,Сочи,11.1,15.7,0.0,4.8
2025-04-07,Сочи,11.4,17.7,0.0,3.9
2025-04-08,Сочи,7.9,12.7,0.0,1.7
2025-04-09,Сочи,8.7,12.9,0.0,3.5
2025-04-10,Сочи,6.5,12.5,0.0,8.0
2025-04-11,Сочи,6.4,12.9,0.0,5.5
2025-04-12,Сочи,10.1,14.5,0.0,0.5
2025-04-13,Сочи,10.3,14.8,0.0,3.0
2025-04-14,Сочи,6.5,11.5,8.1,3.0
2025-04-15,Сочи,9.0,14.8,0.0,4.0
2025-04-16,Сочи,8.1,14.4,0.2,1.8
2025-04-17,Сочи,8.3,14.4,0.0,3.4
2025-04-18,Сочи,11.5,16.5,2.0,7.0
2025-04-19,Сочи,13.0,18.4,0.0,6.2
2025-04-20,Сочи,13.2,20.2,0.0,2.2
2025-04-21,Сочи,14.4,19.7,0.0,3.8
2025-04-22,Сочи,12.9,19.7,0.0,3.3
2025-04-23,Сочи,15.2,20.0,0.0,3.0
2025-04-24,Сочи,13.3,18.6,0.0,2.3
2025-04-25,Сочи,15.6,20.0,8.4,2.6
2025-04-26,Сочи,16.3,22.8,0.0,3.0
2025-04-27,Сочи,17.1,24.0,1.5,4.0
2025-04-28,Сочи,16.3,21.2,0.0,4.1
2025-04-29,Сочи,18.9,25.7,1.9,7.1
2025-04-30,Сочи,15.2,21.1,12.6,1.3
2025-05-01,Сочи,13.3,17.7,1.1,2.3
2025-05-02,Сочи,9.5,15.0,0.0,6.9
2025-05-03,Сочи,11.6,17.0,11.0,4.3
2025-05-04,Сочи,13.2,18.5,0.0,5.3
2025-05-05,Сочи,15.7,22.3,0.6,5.0
2025-05-06,Сочи,12.3,16.5,5.6,8.2
2025-05-07,Сочи,12.1,16.8,0.0,1.8
2025-05-08,Сочи,9.9,15.7,4.6,1.3
2025-05-09,Сочи,12.3,18.7,0.0,2.2
2025-05-10,Сочи,13.2,18.3,0.4,2.8
2025-05-11,Сочи,11.2,17.0,0.0,4.6
2025-05-12,Сочи,9.4,15.5,0.0,2.0
2025-05-13,Сочи,11.1,17.4,0.0,1.3
2025-05-14,Сочи,14.3,18.4,0.0,4.5
2025-05-15,Сочи,15.4,19.7,0.0,2.5
2025-05-16,Сочи,14.1,18.4,0.0,7.3
2025-05-17,Сочи,12.1,17.3,1.5,5.7
2025-05-18,Сочи,9.5,13.9,34.8,4.9
2025-05-19,Сочи,11.7,16.8,0.0,3.3
2025-05-20,Сочи,13.4,20.3,0.0,3.4
2025-05-21,Сочи,14.1,20.4,2.0,3.4
2025-05-22,Сочи,17.0,22.7,0.6,3.0
2025-05-23,Сочи,17.8,22.5,0.0,4.4
2025-05-24,Сочи,15.1,20.1,0.0,4.5
2025-05-25,Сочи,13.3,19.0,0.0,4.8
2025-05-26,Сочи,14.8,20.2,0.0,5.2
2025-05-27,Сочи,19.2,23.6,10.5,3.0
2025-05-28,Сочи,18.3,24.3,0.0,4.7
2025-05-29,Сочи,,27.9,0.0,4.8
2025-05-30,Сочи,20.7,27.5,6.2,3.2
2025-05-31,Сочи,18.8,24.4,0.6,2.6
2025-06-01,Сочи,18.4,23.4,0.0,1.3
2025-06-02,Сочи,16.6,22.5,0.0,4.7
2025-06-03,Сочи,15.2,21.1,0.0,8.8
2025-06-04,Сочи,18.0,23.9,10.0,2.1
2025-06-05,Сочи,21.4,25.9,0.0,2.6
2025-06-06,Сочи,17.8,24.2,0.0,2.8
2025-06-07,Сочи,19.7,26.4,0.0,8.2
2025-06-08,Сочи,16.1,22.8,1.0,7.3
2025-06-09,Сочи,16.4,23.4,0.0,1.4
2025-06-10,Сочи,15.4,22.1,0.0,4.1
2025-06-11,Сочи,19.4,25.8,0.0,0.6
2025-06-12,Сочи,24.4,30.6,19.5,6.9
2025-06-13,Сочи,23.8,29.5,0.0,3.2
2025-06-14,Сочи,19.1,24.3,0.0,9.1
2025-06-15,Сочи,23.8,28.4,0.0,11.0
2025-06-16,Сочи,22.8,28.2,0.0,3.7
2025-06-17,Сочи,21.9,28.7,0.0,9.1
2025-06-18,Сочи,25.0,31.9,10.9,2.1
2025-06-19,Сочи,23.8,28.5,0.0,7.2
2025-06-20,Сочи,19.0,24.9,0.0,2.4
2025-06-21,Сочи,18.3,24.6,0.0,1.4
2025-06-22,Сочи,18.1,24.3,0.0,4.5
2025-06-23,Сочи,20.2,26.3,0.0,7.8
2025-06-24,Сочи,19.3,23.8,0.0,3.1
2025-06-25,Сочи,21.3,26.4,0.0,2.2
2025-06-26,Сочи,,26.5,0.0,2.7
2025-06-27,Сочи,20.2,26.8,0.0,2.6
2025-06-28,Сочи,24.0,28.1,0.0,3.1
2025-06-29,Сочи,25.3,31.5,3.9,0.5
2025-06-30,Сочи,21.2,25.7,0.0,5.1
2025-07-01,Сочи,19.6,25.5,1.2,7.2
2025-07-02,Сочи,19.0,23.7,0.0,3.3
2025-07-03,Сочи,22.5,29.5,0.0,6.1
2025-07-04,Сочи,20.0,26.3,0.4,4.8
2025-07-05,Сочи,17.2,24.1,3.5,2.2
2025-07-06,Сочи,23.1,28.1,0.2,3.0
2025-07-07,Сочи,21.8,27.5,0.6,2.6
2025-07-08,Сочи,19.5,24.5,0.0,2.9
2025-07-09,Сочи,17.7,22.4,1.5,3.3
2025-07-10,Сочи,19.6,25.3,0.0,6.1
2025-07-11,Сочи,19.6,23.9,1.0,6.8
2025-07-12,Сочи,18.2,25.1,8.3,3.5
2025-07-13,Сочи,15.7,22.6,0.0,0.9
2025-07-14,Сочи,17.0,21.3,0.0,2.9
2025-07-15,Сочи,19.1,23.7,0.0,8.6
2025-07-16,Сочи,15.6,22.6,0.0,9.2
2025-07-17,Сочи,18.6,23.3,0.0,6.9
2025-07-18,Сочи,14.0,20.9,0.0,2.6
2025-07-19,Сочи,18.7,25.1,0.0,4.2
2025-07-20,Сочи,19.1,24.7,0.0,7.0
2025-07-21,Сочи,20.1,24.6,0.0,2.3
2025-07-22,Сочи,20.3,24.5,18.0,5.0
2025-07-23,Сочи,20.4,27.3,0.8,3.7
2025-07-24,Сочи,20.6,25.6,0.0,0.8
2025-07-25,Сочи,19.9,25.4,1.4,1.8
2025-07-26,Сочи,18.4,24.9,0.0,3.7
2025-07-27,Сочи,16.2,22.8,0.0,2.9
2025-07-28,Сочи,14.6,21.1,0.0,3.3
2025-07-29,Сочи,15.2,20.0,3.5,6.2
2025-07-30,Сочи,17.3,23.8,0.0,2.9
2025-07-31,Сочи,20.2,24.6,3.1,3.1
2025-08-01,Сочи,17.0,22.5,0.0,3.2
2025-08-02,Сочи,17.4,21.7,14.6,3.5
2025-08-03,Сочи,15.2,19.4,0.0,7.0
2025-08-04,Сочи,18.2,22.4,0.0,7.0
2025-08-05,Сочи,20.7,24.9,0.0,0.5
2025-08-06,Сочи,20.8,27.1,0.0,6.6
2025-08-07,Сочи,20.4,25.5,0.0,8.0
2025-08-08,Сочи,17.9,24.5,0.0,4.3
2025-08-09,Сочи,19.2,23.8,0.0,3.8
2025-08-10,Сочи,18.7,23.3,0.0,4.1
2025-08-11,Сочи,15.2,21.1,0.0,5.8
2025-08-12,Сочи,19.0,23.1,0.0,5.7
2025-08-13,Сочи,16.7,22.1,0.0,4.8
2025-08-14,Сочи,18.1,23.0,0.0,7.1
2025-08-15,Сочи,18.3,24.3,0.0,2.8
2025-08-16,Сочи,21.1,25.9,0.0,2.6
2025-08-17,Сочи,21.4,26.5,0.0,4.4
2025-08-18,Сочи,19.9,26.0,0.0,5.3
2025-08-19,Сочи,21.6,26.0,0.0,4.1
2025-08-20,Сочи,18.5,22.9,0.3,2.0
2025-08-21,Сочи,21.2,25.6,0.0,3.1
2025-08-22,Сочи,20.7,26.8,0.0,2.5
2025-08-23,Сочи,24.2,28.7,0.0,1.5
2025-08-24,Сочи,23.6,28.7,6.6,4.2
2025-08-25,Сочи,24.1,29.3,0.0,4.4
2025-08-26,Сочи,24.6,29.9,0.0,5.8
2025-08-27,Сочи,20.0,26.4,10.6,
2025-08-28,Сочи,16.5,23.1,0.0,6.7
2025-08-29,Сочи,17.4,24.1,0.0,2.5
2025-08-30,Сочи,18.7,24.0,2.9,3.5
2025-08-31,Сочи,14.9,20.0,0.0,4.5
2025-09-01,Сочи,13.8,18.2,0.0,2.6
2025-09-02,Сочи,12.5,19.3,0.0,3.1
2025-09-03,Сочи,15.0,21.3,0.0,7.4
2025-09-04,Сочи,14.7,21.2,0.0,2.9
2025-09-05,Сочи,14.7,19.4,0.0,3.7
2025-09-06,Сочи,16.4,22.8,6.7,2.6
2025-09-07,Сочи,17.9,22.4,0.0,1.2
2025-09-08,Сочи,14.0,20.6,2.3,1.7
2025-09-09,Сочи,19.8,24.4,0.0,2.1
2025-09-10,Сочи,18.2,24.5,3.5,3.1
2025-09-11,Сочи,18.4,22.5,0.0,2.4
2025-09-12,Сочи,19.9,25.0,5.1,1.0
2025-09-13,Сочи,20.9,26.1,0.0,2.0
2025-09-14,Сочи,22.9,26.9,40.5,2.6
2025-09-15,Сочи,16.9,22.6,0.0,3.3
2025-09-16,Сочи,14.6,20.0,0.0,2.2
2025-09-17,Сочи,13.3,17.4,4.5,0.7
2025-09-18,Сочи,19.0,24.9,0.0,1.7
2025-09-19,Сочи,18.6,24.2,0.0,4.1
2025-09-20,Сочи,21.0,26.8,0.0,2.1
2025-09-21,Сочи,21.8,26.5,0.0,1.6
2025-09-22,Сочи,20.9,27.5,0.0,2.8
2025-09-23,Сочи,17.8,21.9,13.3,2.7
2025-09-24,Сочи,17.5,23.0,0.0,2.9
2025-09-25,Сочи,14.6,18.8,0.0,5.8
2025-09-26,Сочи,14.8,20.9,0.0,5.0
2025-09-27,Сочи,16.9,21.5,0.0,8.5
2025-09-28,Сочи,10.8,16.5,0.0,8.5
2025-09-29,Сочи,16.1,21.9,0.0,5.5
2025-09-30,Сочи,12.1,17.2,9.3,2.2
2025-10-01,Сочи,15.2,19.4,0.0,1.6
2025-10-02,Сочи,10.4,16.3,0.0,5.5
2025-10-03,Сочи,10.5,15.5,0.0,7.0
2025-10-04,Сочи,12.4,17.1,20.3,1.0
2025-10-05,Сочи,15.6,20.0,0.0,2.7
2025-10-06,Сочи,10.4,16.0,0.0,3.0
2025-10-07,Сочи,9.1,15.9,0.0,6.2
2025-10-08,Сочи,12.1,17.5,0.0,1.8
2025-10-09,Сочи,15.1,21.6,9.6,5.0
2025-10-10,Сочи,18.7,23.2,0.0,3.0
2025-10-11,Сочи,15.8,20.3,0.0,2.1
2025-10-12,Сочи,16.2,22.1,10.4,4.9
2025-10-13,Сочи,15.8,21.5,0.0,1.7
2025-10-14,Сочи,13.6,18.6,0.0,1.9
2025-10-15,Сочи,11.6,17.3,0.0,3.7
2025-10-16,Сочи,6.0,11.2,0.0,7.1
2025-10-17,Сочи,7.4,12.5,0.0,4.8
2025-10-18,Сочи,10.8,15.1,4.9,4.2
2025-10-19,Сочи,10.5,15.1,0.0,4.1
2025-10-20,Сочи,6.3,10.7,0.0,4.9
2025-10-21,Сочи,6.0,12.9,1.7,4.8
2025-10-22,Сочи,7.4,12.9,11.1,2.6
2025-10-23,Сочи,10.9,14.9,0.6,5.9
2025-10-24,Сочи,10.9,15.1,6.7,4.4
2025-10-25,Сочи,9.2,15.0,24.2,3.4
2025-10-26,Сочи,8.0,13.8,0.0,5.5
2025-10-27,Сочи,12.5,17.2,0.0,0.5
2025-10-28,Сочи,10.9,15.1,0.0,3.7
2025-10-29,Сочи,9.2,14.8,0.0,3.9
2025-10-30,Сочи,11.3,16.8,15.7,3.0
2025-10-31,Сочи,9.1,16.0,0.0,2.4
2025-11-01,Сочи,9.3,16.0,21.1,3.8
2025-11-02,Сочи,13.1,18.0,0.0,6.6
2025-11-03,Сочи,12.6,18.8,0.0,6.2
2025-11-04,Сочи,13.9,20.7,0.0,8.6
2025-11-05,Сочи,12.8,19.6,23.1,1.2
2025-11-06,Сочи,15.0,19.8,1.7,2.7
2025-11-07,Сочи,13.5,18.5,0.0,2.7
2025-11-08,Сочи,15.3,19.4,0.0,2.3
2025-11-09,Сочи,15.4,21.0,0.0,3.2
2025-11-10,Сочи,17.4,24.1,3.3,3.2
2025-11-11,Сочи,16.0,21.8,8.2,2.2
2025-11-12,Сочи,14.7,21.3,0.0,5.6
2025-11-13,Сочи,12.8,19.0,0.0,2.1
2025-11-14,Сочи,10.3,17.2,0.0,1.0
2025-11-15,Сочи,12.5,17.6,2.3,9.2
2025-11-16,Сочи,16.4,21.1,0.1,7.6
2025-11-17,Сочи,12.8,17.8,0.4,1.6
2025-11-18,Сочи,13.9,18.0,1.5,2.6
2025-11-19,Сочи,8.6,14.0,0.0,3.7
2025-11-20,Сочи,7.2,13.7,0.0,4.0
2025-11-21,Сочи,10.1,15.4,0.0,2.7
2025-11-22,Сочи,8.1,12.3,4.7,6.8
2025-11-23,Сочи,5.5,10.3,0.0,3.1
2025-11-24,Сочи,6.0,10.4,0.4,1.6
2025-11-25,Сочи,3.6,10.2,0.0,2.9
2025-11-26,Сочи,6.4,10.4,0.0,3.0
2025-11-27,Сочи,7.1,11.3,6.9,6.8
2025-11-28,Сочи,4.9,11.3,0.0,7.5
2025-11-29,Сочи,4.6,10.8,0.0,3.9
2025-11-30,Сочи,6.1,12.6,8.9,1.2
2025-12-01,Сочи,8.5,13.4,0.0,2.9
2025-12-02,Сочи,7.0,12.3,0.0,3.3
2025-12-03,Сочи,5.7,10.4,0.0,2.4
2025-12-04,Сочи,7.0,11.8,16.8,6.1
2025-12-05,Сочи,6.3,12.0,0.0,3.0
2025-12-06,Сочи,8.2,12.5,1.8,2.4
2025-12-07,Сочи,3.4,7.6,3.2,1.0
2025-12-08,Сочи,4.1,8.9,0.0,3.2
2025-12-09,Сочи,4.6,11.0,0.0,2.7
2025-12-10,Сочи,5.6,11.2,0.0,2.8
2025-12-11,Сочи,5.0,9.6,0.4,2.2
2025-12-12,Сочи,6.1,11.1,0.0,3.2
2025-12-13,Сочи,5.0,9.1,0.1,4.9
2025-12-14,Сочи,3.4,7.6,0.0,3.7
2025-12-15,Сочи,0.7,6.9,0.0,6.1
2025-12-16,Сочи,3.1,9.2,0.0,1.7
2025-12-17,Сочи,3.4,8.6,0.0,7.4
2025-12-18,Сочи,4.7,9.1,0.0,12.7
2025-12-19,Сочи,6.6,12.1,2.9,5.9
2025-12-20,Сочи,6.1,10.3,0.0,6.6
2025-12-21,Сочи,5.1,9.5,0.0,8.7
2025-12-22,Сочи,0.0,6.5,15.5,6.5
2025-12-23,Сочи,-0.6,5.3,0.0,9.6
2025-12-24,Сочи,-2.7,2.0,0.0,7.9
2025-12-25,Сочи,4.0,8.5,0.0,3.1
2025-12-26,Сочи,5.0,9.4,0.0,3.4
2025-12-27,Сочи,4.1,9.0,0.0,5.3
2025-12-28,Сочи,3.3,7.4,0.0,3.7
2025-12-29,Сочи,3.4,9.9,0.0,1.3
2025-12-30,Сочи,7.8,13.5,0.0,3.9
2025-12-31,Сочи,3.8,8.2,0.0,1.2
